name,scryfall_uri,released_at,released_year,released_month,released_day,card_count,set_type,group,decade
The Brothers' War,https://scryfall.com/sets/bro,2022-11-18,2022,11,18,0,expansion,2017-2022,2013-2022
Game Night 2022,https://scryfall.com/sets/gn3,2022-10-14,2022,10,14,5,box,2017-2022,2013-2022
Unfinity Sticker Sheets,https://scryfall.com/sets/sunf,2022-10-07,2022,10,7,2,token,2017-2022,2013-2022
"Warhammer 40,000",https://scryfall.com/sets/40k,2022-10-07,2022,10,7,5,commander,2017-2022,2013-2022
"Warhammer 40,000 Tokens",https://scryfall.com/sets/t40k,2022-10-07,2022,10,7,1,token,2017-2022,2013-2022
Unfinity Tokens,https://scryfall.com/sets/tunf,2022-10-07,2022,10,7,0,token,2017-2022,2013-2022
Unfinity,https://scryfall.com/sets/unf,2022-10-07,2022,10,7,34,funny,2017-2022,2013-2022
Regional Championship Qualifiers 2022,https://scryfall.com/sets/prcq,2022-10-01,2022,10,1,3,promo,2017-2022,2013-2022
Dominaria United Commander,https://scryfall.com/sets/dmc,2022-09-09,2022,9,9,6,commander,2017-2022,2013-2022
Dominaria United Tokens,https://scryfall.com/sets/tdmu,2022-09-09,2022,9,9,1,token,2017-2022,2013-2022
Dominaria United,https://scryfall.com/sets/dmu,2022-09-09,2022,9,9,16,expansion,2017-2022,2013-2022
30th Anniversary Promos,https://scryfall.com/sets/p30a,2022-09-02,2022,9,2,3,promo,2017-2022,2013-2022
Summer Vacation Promos 2022,https://scryfall.com/sets/psvc,2022-08-01,2022,8,1,3,promo,2017-2022,2013-2022
Explorer Anthology 1,https://scryfall.com/sets/ea1,2022-07-28,2022,7,28,20,box,2017-2022,2013-2022
Historic Anthology 6,https://scryfall.com/sets/ha6,2022-07-28,2022,7,28,20,box,2017-2022,2013-2022
Store Championships 2022,https://scryfall.com/sets/sch,2022-07-09,2022,7,9,6,promo,2017-2022,2013-2022
Double Masters 2022,https://scryfall.com/sets/2x2,2022-07-08,2022,7,8,579,masters,2017-2022,2013-2022
Double Masters 2022 Tokens,https://scryfall.com/sets/t2x2,2022-07-08,2022,7,8,24,token,2017-2022,2013-2022
Alchemy Horizons: Baldur's Gate,https://scryfall.com/sets/hbg,2022-07-07,2022,7,7,413,alchemy,2017-2022,2013-2022
Love Your LGS 2022,https://scryfall.com/sets/plg22,2022-07-01,2022,7,1,5,promo,2017-2022,2013-2022
Battle for Baldur's Gate Promos,https://scryfall.com/sets/pclb,2022-06-10,2022,6,10,99,promo,2017-2022,2013-2022
Commander Legends: Battle for Baldur's Gate,https://scryfall.com/sets/clb,2022-06-10,2022,6,10,936,draft_innovation,2017-2022,2013-2022
Battle for Baldur's Gate Art Series,https://scryfall.com/sets/aclb,2022-06-10,2022,6,10,81,memorabilia,2017-2022,2013-2022
Battle for Baldur's Gate Tokens,https://scryfall.com/sets/tclb,2022-06-10,2022,6,10,50,token,2017-2022,2013-2022
Alchemy: New Capenna,https://scryfall.com/sets/ysnc,2022-06-02,2022,6,2,30,alchemy,2017-2022,2013-2022
Streets of New Capenna Promos,https://scryfall.com/sets/psnc,2022-04-30,2022,4,30,160,promo,2017-2022,2013-2022
Streets of New Capenna Tokens,https://scryfall.com/sets/tsnc,2022-04-29,2022,4,29,17,token,2017-2022,2013-2022
New Capenna Commander,https://scryfall.com/sets/ncc,2022-04-29,2022,4,29,447,commander,2017-2022,2013-2022
Streets of New Capenna,https://scryfall.com/sets/snc,2022-04-29,2022,4,29,467,expansion,2017-2022,2013-2022
New Capenna Art Series,https://scryfall.com/sets/asnc,2022-04-29,2022,4,29,81,memorabilia,2017-2022,2013-2022
"Heads I Win, Tails You Lose",https://scryfall.com/sets/phed,2022-04-22,2022,4,22,82,commander,2017-2022,2013-2022
New Capenna Commander Tokens,https://scryfall.com/sets/tncc,2022-04-20,2022,4,20,36,token,2017-2022,2013-2022
New Capenna Commander Promos,https://scryfall.com/sets/pncc,2022-04-09,2022,4,9,76,promo,2017-2022,2013-2022
Game Day Promos,https://scryfall.com/sets/gdy,2022-04-08,2022,4,8,6,promo,2017-2022,2013-2022
Alchemy: Kamigawa,https://scryfall.com/sets/yneo,2022-03-17,2022,3,17,30,alchemy,2017-2022,2013-2022
Wizards Play Network 2022,https://scryfall.com/sets/pw22,2022-03-05,2022,3,5,4,promo,2017-2022,2013-2022
Universes Within,https://scryfall.com/sets/slx,2022-03-03,2022,3,3,9,masters,2017-2022,2013-2022
Year of the Tiger 2022,https://scryfall.com/sets/pl22,2022-02-25,2022,2,25,5,promo,2017-2022,2013-2022
Kamigawa: Neon Dynasty Promos,https://scryfall.com/sets/pneo,2022-02-18,2022,2,18,145,promo,2017-2022,2013-2022
Neon Dynasty Commander Tokens,https://scryfall.com/sets/tnec,2022-02-18,2022,2,18,12,token,2017-2022,2013-2022
Neon Dynasty Commander,https://scryfall.com/sets/nec,2022-02-18,2022,2,18,179,commander,2017-2022,2013-2022
Kamigawa: Neon Dynasty Tokens,https://scryfall.com/sets/tneo,2022-02-18,2022,2,18,19,token,2017-2022,2013-2022
Kamigawa: Neon Dynasty,https://scryfall.com/sets/neo,2022-02-18,2022,2,18,512,expansion,2017-2022,2013-2022
Neon Dynasty Art Series,https://scryfall.com/sets/aneo,2022-02-18,2022,2,18,81,memorabilia,2017-2022,2013-2022
Commander Collection: Black,https://scryfall.com/sets/cc2,2022-01-28,2022,1,28,9,arsenal,2017-2022,2013-2022
Innistrad: Double Feature,https://scryfall.com/sets/dbl,2022-01-28,2022,1,28,535,draft_innovation,2017-2022,2013-2022
Judge Gift Cards 2022,https://scryfall.com/sets/p22,2022-01-01,2022,1,1,8,promo,2017-2022,2013-2022
Alchemy: Innistrad,https://scryfall.com/sets/ymid,2021-12-09,2021,12,9,63,alchemy,2017-2022,2013-2022
Innistrad: Crimson Vow Promos,https://scryfall.com/sets/pvow,2021-11-19,2021,11,19,93,promo,2017-2022,2013-2022
Innistrad: Crimson Vow Tokens,https://scryfall.com/sets/tvow,2021-11-19,2021,11,19,21,token,2017-2022,2013-2022
Crimson Vow Commander Tokens,https://scryfall.com/sets/tvoc,2021-11-19,2021,11,19,6,token,2017-2022,2013-2022
Crimson Vow Commander Display Commanders,https://scryfall.com/sets/ovoc,2021-11-19,2021,11,19,2,memorabilia,2017-2022,2013-2022
Innistrad: Crimson Vow Minigames,https://scryfall.com/sets/mvow,2021-11-19,2021,11,19,3,funny,2017-2022,2013-2022
Innistrad: Crimson Vow Substitute Cards,https://scryfall.com/sets/svow,2021-11-19,2021,11,19,9,token,2017-2022,2013-2022
Crimson Vow Commander,https://scryfall.com/sets/voc,2021-11-19,2021,11,19,188,commander,2017-2022,2013-2022
Innistrad: Crimson Vow,https://scryfall.com/sets/vow,2021-11-19,2021,11,19,417,expansion,2017-2022,2013-2022
Crimson Vow Art Series,https://scryfall.com/sets/avow,2021-11-19,2021,11,19,81,memorabilia,2017-2022,2013-2022
Pioneer Challenger Decks 2021,https://scryfall.com/sets/q06,2021-10-15,2021,10,15,10,box,2017-2022,2013-2022
Innistrad: Midnight Hunt Substitute Cards,https://scryfall.com/sets/smid,2021-09-24,2021,9,24,9,token,2017-2022,2013-2022
Midnight Hunt Commander Display Commanders,https://scryfall.com/sets/omic,2021-09-24,2021,9,24,2,memorabilia,2017-2022,2013-2022
Innistrad: Midnight Hunt Promos,https://scryfall.com/sets/pmid,2021-09-24,2021,9,24,152,promo,2017-2022,2013-2022
Innistrad: Midnight Hunt Tokens,https://scryfall.com/sets/tmid,2021-09-24,2021,9,24,19,token,2017-2022,2013-2022
Midnight Hunt Art Series,https://scryfall.com/sets/amid,2021-09-24,2021,9,24,81,memorabilia,2017-2022,2013-2022
Midnight Hunt Commander,https://scryfall.com/sets/mic,2021-09-24,2021,9,24,187,commander,2017-2022,2013-2022
Midnight Hunt Commander Tokens,https://scryfall.com/sets/tmic,2021-09-24,2021,9,24,11,token,2017-2022,2013-2022
Innistrad: Midnight Hunt,https://scryfall.com/sets/mid,2021-09-24,2021,9,24,396,expansion,2017-2022,2013-2022
Jumpstart: Historic Horizons,https://scryfall.com/sets/j21,2021-08-26,2021,8,26,389,draft_innovation,2017-2022,2013-2022
Mystery Booster Playtest Cards 2021,https://scryfall.com/sets/cmb2,2021-08-20,2021,8,20,121,funny,2017-2022,2013-2022
2020 Heroes of the Realm,https://scryfall.com/sets/htr20,2021-08-01,2021,8,1,3,funny,2017-2022,2013-2022
Adventures in the Forgotten Realms Promos,https://scryfall.com/sets/pafr,2021-07-23,2021,7,23,240,promo,2017-2022,2013-2022
Forgotten Realms Commander Display Commanders,https://scryfall.com/sets/oafc,2021-07-23,2021,7,23,4,memorabilia,2017-2022,2013-2022
Adventures in the Forgotten Realms Art Series,https://scryfall.com/sets/aafr,2021-07-23,2021,7,23,81,memorabilia,2017-2022,2013-2022
Forgotten Realms Commander,https://scryfall.com/sets/afc,2021-07-23,2021,7,23,331,commander,2017-2022,2013-2022
Adventures in the Forgotten Realms Tokens,https://scryfall.com/sets/tafr,2021-07-23,2021,7,23,22,token,2017-2022,2013-2022
Forgotten Realms Commander Tokens,https://scryfall.com/sets/tafc,2021-07-23,2021,7,23,13,token,2017-2022,2013-2022
Adventures in the Forgotten Realms Minigames,https://scryfall.com/sets/mafr,2021-07-23,2021,7,23,5,funny,2017-2022,2013-2022
Adventures in the Forgotten Realms,https://scryfall.com/sets/afr,2021-07-23,2021,7,23,422,expansion,2017-2022,2013-2022
Love Your LGS 2021,https://scryfall.com/sets/plg21,2021-06-22,2021,6,22,10,promo,2017-2022,2013-2022
Modern Horizons 2 Promos,https://scryfall.com/sets/pmh2,2021-06-18,2021,6,18,80,promo,2017-2022,2013-2022
Modern Horizons 2 Minigames,https://scryfall.com/sets/mmh2,2021-06-18,2021,6,18,5,funny,2017-2022,2013-2022
Modern Horizons 2 Tokens,https://scryfall.com/sets/tmh2,2021-06-18,2021,6,18,21,token,2017-2022,2013-2022
Modern Horizons 2 Art Series,https://scryfall.com/sets/amh2,2021-06-18,2021,6,18,162,memorabilia,2017-2022,2013-2022
Wizards Play Network 2021,https://scryfall.com/sets/pw21,2021-06-18,2021,6,18,6,promo,2017-2022,2013-2022
Modern Horizons 1 Timeshifts,https://scryfall.com/sets/h1r,2021-06-18,2021,6,18,40,draft_innovation,2017-2022,2013-2022
Modern Horizons 2,https://scryfall.com/sets/mh2,2021-06-18,2021,6,18,494,draft_innovation,2017-2022,2013-2022
Historic Anthology 5,https://scryfall.com/sets/ha5,2021-05-27,2021,5,27,25,box,2017-2022,2013-2022
Strixhaven: School of Mages Promos,https://scryfall.com/sets/pstx,2021-04-23,2021,4,23,164,promo,2017-2022,2013-2022
Strixhaven: School of Mages Tokens,https://scryfall.com/sets/tstx,2021-04-23,2021,4,23,9,token,2017-2022,2013-2022
Commander 2021 Tokens,https://scryfall.com/sets/tc21,2021-04-23,2021,4,23,30,token,2017-2022,2013-2022
Strixhaven: School of Mages Substitute Cards,https://scryfall.com/sets/sstx,2021-04-23,2021,4,23,9,token,2017-2022,2013-2022
Strixhaven: School of Mages Minigames,https://scryfall.com/sets/mstx,2021-04-23,2021,4,23,5,funny,2017-2022,2013-2022
Commander 2021 Display Commanders,https://scryfall.com/sets/oc21,2021-04-23,2021,4,23,5,memorabilia,2017-2022,2013-2022
Strixhaven Art Series,https://scryfall.com/sets/astx,2021-04-23,2021,4,23,162,memorabilia,2017-2022,2013-2022
Strixhaven: School of Mages,https://scryfall.com/sets/stx,2021-04-23,2021,4,23,394,expansion,2017-2022,2013-2022
Strixhaven Mystical Archive,https://scryfall.com/sets/sta,2021-04-23,2021,4,23,126,masterpiece,2017-2022,2013-2022
Commander 2021,https://scryfall.com/sets/c21,2021-04-23,2021,4,23,409,commander,2017-2022,2013-2022
Time Spiral Remastered,https://scryfall.com/sets/tsr,2021-03-19,2021,3,19,411,masters,2017-2022,2013-2022
Time Spiral Remastered Tokens,https://scryfall.com/sets/ttsr,2021-03-19,2021,3,19,15,token,2017-2022,2013-2022
Historic Anthology 4,https://scryfall.com/sets/ha4,2021-03-11,2021,3,11,25,box,2017-2022,2013-2022
Kaldheim Promos,https://scryfall.com/sets/pkhm,2021-02-05,2021,2,5,153,promo,2017-2022,2013-2022
Kaldheim Minigames,https://scryfall.com/sets/mkhm,2021-02-05,2021,2,5,5,funny,2017-2022,2013-2022
Kaldheim Substitute Cards,https://scryfall.com/sets/skhm,2021-02-05,2021,2,5,9,token,2017-2022,2013-2022
Kaldheim Tokens,https://scryfall.com/sets/tkhm,2021-02-05,2021,2,5,23,token,2017-2022,2013-2022
Kaldheim,https://scryfall.com/sets/khm,2021-02-05,2021,2,5,427,expansion,2017-2022,2013-2022
Kaldheim Commander,https://scryfall.com/sets/khc,2021-02-05,2021,2,5,119,commander,2017-2022,2013-2022
Kaldheim Commander Tokens,https://scryfall.com/sets/tkhc,2021-02-05,2021,2,5,8,token,2017-2022,2013-2022
Kaldheim Art Series,https://scryfall.com/sets/akhm,2021-02-05,2021,2,5,81,memorabilia,2017-2022,2013-2022
Year of the Ox 2021,https://scryfall.com/sets/pl21,2021-01-25,2021,1,25,6,promo,2017-2022,2013-2022
MagicFest 2021,https://scryfall.com/sets/pf21,2021-01-01,2021,1,1,1,promo,2017-2022,2013-2022
Judge Gift Cards 2021,https://scryfall.com/sets/pj21,2021-01-01,2021,1,1,10,promo,2017-2022,2013-2022
Commander Collection: Green,https://scryfall.com/sets/cc1,2020-12-04,2020,12,4,8,arsenal,2017-2022,2013-2022
Commander Legends Tokens,https://scryfall.com/sets/tcmr,2020-11-20,2020,11,20,23,token,2017-2022,2013-2022
Commander Legends,https://scryfall.com/sets/cmr,2020-11-20,2020,11,20,718,draft_innovation,2017-2022,2013-2022
Kaladesh Remastered,https://scryfall.com/sets/klr,2020-11-12,2020,11,12,302,masters,2017-2022,2013-2022
The List,https://scryfall.com/sets/plist,2020-09-26,2020,9,26,814,masters,2017-2022,2013-2022
Zendikar Rising Promos,https://scryfall.com/sets/pznr,2020-09-25,2020,9,25,152,promo,2017-2022,2013-2022
Zendikar Rising Commander Tokens,https://scryfall.com/sets/tznc,2020-09-25,2020,9,25,11,token,2017-2022,2013-2022
Zendikar Rising Minigames,https://scryfall.com/sets/mznr,2020-09-25,2020,9,25,5,funny,2017-2022,2013-2022
Zendikar Rising,https://scryfall.com/sets/znr,2020-09-25,2020,9,25,409,expansion,2017-2022,2013-2022
Zendikar Rising Expeditions,https://scryfall.com/sets/zne,2020-09-25,2020,9,25,30,masterpiece,2017-2022,2013-2022
Zendikar Rising Art Series,https://scryfall.com/sets/aznr,2020-09-25,2020,9,25,81,memorabilia,2017-2022,2013-2022
Zendikar Rising Tokens,https://scryfall.com/sets/tznr,2020-09-25,2020,9,25,12,token,2017-2022,2013-2022
Zendikar Rising Substitute Cards,https://scryfall.com/sets/sznr,2020-09-25,2020,9,25,9,token,2017-2022,2013-2022
Zendikar Rising Commander,https://scryfall.com/sets/znc,2020-09-25,2020,9,25,142,commander,2017-2022,2013-2022
Arena Beginner Set,https://scryfall.com/sets/anb,2020-08-13,2020,8,13,118,starter,2017-2022,2013-2022
Amonkhet Remastered,https://scryfall.com/sets/akr,2020-08-13,2020,8,13,339,masters,2017-2022,2013-2022
Double Masters,https://scryfall.com/sets/2xm,2020-08-07,2020,8,7,384,masters,2017-2022,2013-2022
Double Masters Tokens,https://scryfall.com/sets/t2xm,2020-08-07,2020,8,7,31,token,2017-2022,2013-2022
2019 Heroes of the Realm,https://scryfall.com/sets/htr19,2020-08-01,2020,8,1,7,funny,2017-2022,2013-2022
Jumpstart Arena Exclusives,https://scryfall.com/sets/ajmp,2020-07-17,2020,7,17,18,starter,2017-2022,2013-2022
Jumpstart,https://scryfall.com/sets/jmp,2020-07-17,2020,7,17,497,draft_innovation,2017-2022,2013-2022
Core Set 2021 Promos,https://scryfall.com/sets/pm21,2020-07-03,2020,7,3,136,promo,2017-2022,2013-2022
Core Set 2021 Tokens,https://scryfall.com/sets/tm21,2020-07-03,2020,7,3,20,token,2017-2022,2013-2022
Core Set 2021,https://scryfall.com/sets/m21,2020-07-03,2020,7,3,397,core,2017-2022,2013-2022
Signature Spellbook: Chandra,https://scryfall.com/sets/ss3,2020-06-26,2020,6,26,8,spellbook,2017-2022,2013-2022
Jumpstart Front Cards,https://scryfall.com/sets/fjmp,2020-06-18,2020,6,18,46,memorabilia,2017-2022,2013-2022
Secret Lair: Ultimate Edition,https://scryfall.com/sets/slu,2020-05-29,2020,5,29,16,box,2017-2022,2013-2022
Historic Anthology 3,https://scryfall.com/sets/ha3,2020-05-21,2020,5,21,27,box,2017-2022,2013-2022
Love Your LGS 2020,https://scryfall.com/sets/plg20,2020-05-18,2020,5,18,2,promo,2017-2022,2013-2022
Ikoria: Lair of Behemoths Promos,https://scryfall.com/sets/piko,2020-04-24,2020,4,24,136,promo,2017-2022,2013-2022
Ikoria: Lair of Behemoths,https://scryfall.com/sets/iko,2020-04-24,2020,4,24,390,expansion,2017-2022,2013-2022
Ikoria: Lair of Behemoths Tokens,https://scryfall.com/sets/tiko,2020-04-24,2020,4,24,15,token,2017-2022,2013-2022
Commander 2020 Oversized,https://scryfall.com/sets/oc20,2020-04-17,2020,4,17,5,memorabilia,2017-2022,2013-2022
Commander 2020,https://scryfall.com/sets/c20,2020-04-17,2020,4,17,322,commander,2017-2022,2013-2022
Commander 2020 Tokens,https://scryfall.com/sets/tc20,2020-04-17,2020,4,17,21,token,2017-2022,2013-2022
Historic Anthology 2,https://scryfall.com/sets/ha2,2020-03-12,2020,3,12,25,box,2017-2022,2013-2022
Mystery Booster Retail Edition Foils,https://scryfall.com/sets/fmb1,2020-03-08,2020,3,8,121,masters,2017-2022,2013-2022
Unsanctioned Tokens,https://scryfall.com/sets/tund,2020-02-29,2020,2,29,6,token,2017-2022,2013-2022
Unsanctioned,https://scryfall.com/sets/und,2020-02-29,2020,2,29,96,funny,2017-2022,2013-2022
Theros Beyond Death Promos,https://scryfall.com/sets/pthb,2020-01-24,2020,1,24,136,promo,2017-2022,2013-2022
Theros Beyond Death Tokens,https://scryfall.com/sets/tthb,2020-01-24,2020,1,24,14,token,2017-2022,2013-2022
Theros Beyond Death,https://scryfall.com/sets/thb,2020-01-24,2020,1,24,358,expansion,2017-2022,2013-2022
MagicFest 2020,https://scryfall.com/sets/pf20,2020-01-01,2020,1,1,6,promo,2017-2022,2013-2022
Judge Gift Cards 2020,https://scryfall.com/sets/j20,2020-01-01,2020,1,1,10,promo,2017-2022,2013-2022
Secret Lair Drop,https://scryfall.com/sets/sld,2019-12-02,2019,12,2,621,box,2017-2022,2013-2022
Historic Anthology 1,https://scryfall.com/sets/ha1,2019-11-21,2019,11,21,20,box,2017-2022,2013-2022
Game Night 2019 Tokens,https://scryfall.com/sets/tgn2,2019-11-15,2019,11,15,3,token,2017-2022,2013-2022
Game Night 2019,https://scryfall.com/sets/gn2,2019-11-15,2019,11,15,64,box,2017-2022,2013-2022
Mystery Booster Playtest Cards 2019,https://scryfall.com/sets/cmb1,2019-11-07,2019,11,7,121,funny,2017-2022,2013-2022
Mystery Booster,https://scryfall.com/sets/mb1,2019-11-07,2019,11,7,1697,masters,2017-2022,2013-2022
Ponies: The Galloping,https://scryfall.com/sets/ptg,2019-10-22,2019,10,22,3,funny,2017-2022,2013-2022
Throne of Eldraine Promos,https://scryfall.com/sets/peld,2019-10-04,2019,10,4,136,promo,2017-2022,2013-2022
Throne of Eldraine,https://scryfall.com/sets/eld,2019-10-04,2019,10,4,399,expansion,2017-2022,2013-2022
Throne of Eldraine Tokens,https://scryfall.com/sets/teld,2019-09-04,2019,9,4,20,token,2017-2022,2013-2022
Commander 2019 Oversized,https://scryfall.com/sets/oc19,2019-08-31,2019,8,31,4,memorabilia,2017-2022,2013-2022
Commander 2019,https://scryfall.com/sets/c19,2019-08-23,2019,8,23,302,commander,2017-2022,2013-2022
Commander 2019 Tokens,https://scryfall.com/sets/tc19,2019-08-01,2019,8,1,29,token,2017-2022,2013-2022
2018 Heroes of the Realm,https://scryfall.com/sets/htr18,2019-08-01,2019,8,1,5,funny,2017-2022,2013-2022
San Diego Comic-Con 2019,https://scryfall.com/sets/ps19,2019-07-18,2019,7,18,5,promo,2017-2022,2013-2022
M20 Promo Packs,https://scryfall.com/sets/ppp1,2019-07-12,2019,7,12,5,promo,2017-2022,2013-2022
Core Set 2020 Promos,https://scryfall.com/sets/pm20,2019-07-12,2019,7,12,143,promo,2017-2022,2013-2022
Core Set 2020 Tokens,https://scryfall.com/sets/tm20,2019-07-12,2019,7,12,12,token,2017-2022,2013-2022
Core Set 2020,https://scryfall.com/sets/m20,2019-07-12,2019,7,12,345,core,2017-2022,2013-2022
Signature Spellbook: Gideon,https://scryfall.com/sets/ss2,2019-06-28,2019,6,28,8,spellbook,2017-2022,2013-2022
Modern Horizons Promos,https://scryfall.com/sets/pmh1,2019-06-14,2019,6,14,2,promo,2017-2022,2013-2022
Modern Horizons,https://scryfall.com/sets/mh1,2019-06-14,2019,6,14,255,draft_innovation,2017-2022,2013-2022
Modern Horizons Art Series,https://scryfall.com/sets/amh1,2019-06-05,2019,6,5,54,memorabilia,2017-2022,2013-2022
Modern Horizons Tokens,https://scryfall.com/sets/tmh1,2019-05-30,2019,5,30,21,token,2017-2022,2013-2022
War of the Spark Promos,https://scryfall.com/sets/pwar,2019-05-03,2019,5,3,175,promo,2017-2022,2013-2022
War of the Spark Tokens,https://scryfall.com/sets/twar,2019-05-03,2019,5,3,19,token,2017-2022,2013-2022
War of the Spark,https://scryfall.com/sets/war,2019-05-03,2019,5,3,312,expansion,2017-2022,2013-2022
Judge Gift Cards 2019,https://scryfall.com/sets/j19,2019-04-10,2019,4,10,8,promo,2017-2022,2013-2022
RNA Ravnica Weekend,https://scryfall.com/sets/prw2,2019-02-16,2019,2,16,10,promo,2017-2022,2013-2022
RNA Guild Kit Tokens,https://scryfall.com/sets/tgk2,2019-02-15,2019,2,15,9,token,2017-2022,2013-2022
RNA Guild Kit,https://scryfall.com/sets/gk2,2019-02-15,2019,2,15,133,box,2017-2022,2013-2022
Ravnica Allegiance Promos,https://scryfall.com/sets/prna,2019-01-25,2019,1,25,80,promo,2017-2022,2013-2022
Ravnica Allegiance Tokens,https://scryfall.com/sets/trna,2019-01-25,2019,1,25,13,token,2017-2022,2013-2022
Ravnica Allegiance,https://scryfall.com/sets/rna,2019-01-25,2019,1,25,273,expansion,2017-2022,2013-2022
MagicFest 2019,https://scryfall.com/sets/pf19,2019-01-01,2019,1,1,7,promo,2017-2022,2013-2022
Planechase Anthology Planes,https://scryfall.com/sets/opca,2018-12-25,2018,12,25,86,planechase,2017-2022,2013-2022
Ultimate Box Topper,https://scryfall.com/sets/puma,2018-12-07,2018,12,7,40,masterpiece,2017-2022,2013-2022
Ultimate Masters,https://scryfall.com/sets/uma,2018-12-07,2018,12,7,254,masters,2017-2022,2013-2022
Ultimate Masters Tokens,https://scryfall.com/sets/tuma,2018-12-07,2018,12,7,16,token,2017-2022,2013-2022
M19 Gift Pack,https://scryfall.com/sets/g18,2018-11-16,2018,11,16,5,box,2017-2022,2013-2022
Game Night,https://scryfall.com/sets/gnt,2018-11-16,2018,11,16,68,box,2017-2022,2013-2022
GRN Ravnica Weekend,https://scryfall.com/sets/prwk,2018-11-09,2018,11,9,10,promo,2017-2022,2013-2022
GRN Guild Kit Tokens,https://scryfall.com/sets/tgk1,2018-11-02,2018,11,2,10,token,2017-2022,2013-2022
GRN Guild Kit,https://scryfall.com/sets/gk1,2018-11-02,2018,11,2,127,box,2017-2022,2013-2022
Guilds of Ravnica Promos,https://scryfall.com/sets/pgrn,2018-10-05,2018,10,5,83,promo,2017-2022,2013-2022
Guilds of Ravnica Tokens,https://scryfall.com/sets/tgrn,2018-10-05,2018,10,5,8,token,2017-2022,2013-2022
Guilds of Ravnica,https://scryfall.com/sets/grn,2018-10-05,2018,10,5,273,expansion,2017-2022,2013-2022
Mythic Edition Tokens,https://scryfall.com/sets/tmed,2018-10-05,2018,10,5,16,token,2017-2022,2013-2022
Mythic Edition,https://scryfall.com/sets/med,2018-10-05,2018,10,5,24,masterpiece,2017-2022,2013-2022
Commander 2018 Oversized,https://scryfall.com/sets/oc18,2018-08-09,2018,8,9,4,memorabilia,2017-2022,2013-2022
Commander 2018,https://scryfall.com/sets/c18,2018-08-09,2018,8,9,307,commander,2017-2022,2013-2022
Commander 2018 Tokens,https://scryfall.com/sets/tc18,2018-08-09,2018,8,9,26,token,2017-2022,2013-2022
2017 Heroes of the Realm,https://scryfall.com/sets/htr17,2018-08-01,2018,8,1,3,funny,2017-2022,2013-2022
San Diego Comic-Con 2018,https://scryfall.com/sets/ps18,2018-07-19,2018,7,19,5,promo,2017-2022,2013-2022
Arena New Player Experience Extras,https://scryfall.com/sets/xana,2018-07-14,2018,7,14,30,memorabilia,2017-2022,2013-2022
Arena New Player Experience,https://scryfall.com/sets/ana,2018-07-14,2018,7,14,40,starter,2017-2022,2013-2022
MTG Arena Promos,https://scryfall.com/sets/pana,2018-07-14,2018,7,14,78,promo,2017-2022,2013-2022
Arena New Player Experience Cards,https://scryfall.com/sets/oana,2018-07-14,2018,7,14,14,starter,2017-2022,2013-2022
Core Set 2019 Promos,https://scryfall.com/sets/pm19,2018-07-13,2018,7,13,94,promo,2017-2022,2013-2022
Core Set 2019 Tokens,https://scryfall.com/sets/tm19,2018-07-13,2018,7,13,18,token,2017-2022,2013-2022
M19 Standard Showdown,https://scryfall.com/sets/pss3,2018-07-13,2018,7,13,5,promo,2017-2022,2013-2022
Core Set 2019,https://scryfall.com/sets/m19,2018-07-13,2018,7,13,314,core,2017-2022,2013-2022
Global Series Jiang Yanggu & Mu Yanling,https://scryfall.com/sets/gs1,2018-06-22,2018,6,22,41,duel_deck,2017-2022,2013-2022
Signature Spellbook: Jace,https://scryfall.com/sets/ss1,2018-06-15,2018,6,15,8,spellbook,2017-2022,2013-2022
Battlebond Promos,https://scryfall.com/sets/pbbd,2018-06-08,2018,6,8,22,promo,2017-2022,2013-2022
Battlebond Tokens,https://scryfall.com/sets/tbbd,2018-06-08,2018,6,8,8,token,2017-2022,2013-2022
Commander Anthology Volume II Tokens,https://scryfall.com/sets/tcm2,2018-06-08,2018,6,8,19,token,2017-2022,2013-2022
Battlebond,https://scryfall.com/sets/bbd,2018-06-08,2018,6,8,256,draft_innovation,2017-2022,2013-2022
Commander Anthology Volume II,https://scryfall.com/sets/cm2,2018-06-08,2018,6,8,312,commander,2017-2022,2013-2022
Dominaria Promos,https://scryfall.com/sets/pdom,2018-04-27,2018,4,27,118,promo,2017-2022,2013-2022
Dominaria Tokens,https://scryfall.com/sets/tdom,2018-04-27,2018,4,27,16,token,2017-2022,2013-2022
Dominaria,https://scryfall.com/sets/dom,2018-04-27,2018,4,27,280,expansion,2017-2022,2013-2022
Duel Decks: Elves vs. Inventors Tokens,https://scryfall.com/sets/tddu,2018-04-06,2018,4,6,4,token,2017-2022,2013-2022
Duel Decks: Elves vs. Inventors,https://scryfall.com/sets/ddu,2018-04-06,2018,4,6,76,duel_deck,2017-2022,2013-2022
Masters 25,https://scryfall.com/sets/a25,2018-03-16,2018,3,16,249,masters,2017-2022,2013-2022
Masters 25 Tokens,https://scryfall.com/sets/ta25,2018-03-16,2018,3,16,16,token,2017-2022,2013-2022
Lunar New Year 2018 ,https://scryfall.com/sets/plny,2018-02-16,2018,2,16,1,promo,2017-2022,2013-2022
Nationals Promos,https://scryfall.com/sets/pnat,2018-01-25,2018,1,25,1,promo,2017-2022,2013-2022
Rivals of Ixalan Tokens,https://scryfall.com/sets/trix,2018-01-19,2018,1,19,7,token,2017-2022,2013-2022
Rivals of Ixalan Promos,https://scryfall.com/sets/prix,2018-01-19,2018,1,19,97,promo,2017-2022,2013-2022
Rivals of Ixalan,https://scryfall.com/sets/rix,2018-01-19,2018,1,19,205,expansion,2017-2022,2013-2022
Judge Gift Cards 2018,https://scryfall.com/sets/j18,2018-01-01,2018,1,1,8,promo,2017-2022,2013-2022
Friday Night Magic 2018,https://scryfall.com/sets/f18,2017-12-27,2017,12,27,3,promo,2017-2022,2013-2022
Unstable Promos,https://scryfall.com/sets/pust,2017-12-08,2017,12,8,1,promo,2017-2022,2013-2022
Unstable Tokens,https://scryfall.com/sets/tust,2017-12-08,2017,12,8,20,token,2017-2022,2013-2022
Unstable,https://scryfall.com/sets/ust,2017-12-08,2017,12,8,268,funny,2017-2022,2013-2022
Iconic Masters Tokens,https://scryfall.com/sets/tima,2017-11-29,2017,11,29,7,token,2017-2022,2013-2022
Explorers of Ixalan,https://scryfall.com/sets/e02,2017-11-24,2017,11,24,48,box,2017-2022,2013-2022
From the Vault: Transform,https://scryfall.com/sets/v17,2017-11-24,2017,11,24,16,from_the_vault,2017-2022,2013-2022
XLN Treasure Chest,https://scryfall.com/sets/pxtc,2017-11-24,2017,11,24,10,promo,2017-2022,2013-2022
Iconic Masters,https://scryfall.com/sets/ima,2017-11-17,2017,11,17,249,masters,2017-2022,2013-2022
Duel Decks: Merfolk vs. Goblins,https://scryfall.com/sets/ddt,2017-10-24,2017,10,24,63,duel_deck,2017-2022,2013-2022
Duel Decks: Merfolk vs. Goblins Tokens,https://scryfall.com/sets/tddt,2017-10-24,2017,10,24,3,token,2017-2022,2013-2022
2017 Gift Pack,https://scryfall.com/sets/g17,2017-10-20,2017,10,20,5,box,2017-2022,2013-2022
Ixalan Promos,https://scryfall.com/sets/pxln,2017-09-29,2017,9,29,120,promo,2017-2022,2013-2022
Ixalan,https://scryfall.com/sets/xln,2017-09-29,2017,9,29,289,expansion,2017-2022,2013-2022
Ixalan Tokens,https://scryfall.com/sets/txln,2017-09-29,2017,9,29,11,token,2017-2022,2013-2022
XLN Standard Showdown,https://scryfall.com/sets/pss2,2017-09-29,2017,9,29,5,promo,2017-2022,2013-2022
HasCon 2017,https://scryfall.com/sets/h17,2017-09-20,2017,9,20,4,funny,2017-2022,2013-2022
2016 Heroes of the Realm,https://scryfall.com/sets/htr16,2017-09-20,2017,9,20,3,funny,2017-2022,2013-2022
Archenemy: Nicol Bolas Tokens,https://scryfall.com/sets/te01,2017-09-08,2017,9,8,5,token,2017-2022,2013-2022
Commander 2017 Oversized,https://scryfall.com/sets/oc17,2017-08-25,2017,8,25,4,memorabilia,2017-2022,2013-2022
Commander 2017,https://scryfall.com/sets/c17,2017-08-25,2017,8,25,309,commander,2017-2022,2013-2022
Commander 2017 Tokens,https://scryfall.com/sets/tc17,2017-08-25,2017,8,25,11,token,2017-2022,2013-2022
San Diego Comic-Con 2017,https://scryfall.com/sets/ps17,2017-07-20,2017,7,20,6,promo,2017-2022,2013-2022
Hour of Devastation Promos,https://scryfall.com/sets/phou,2017-07-14,2017,7,14,62,promo,2017-2022,2013-2022
Hour of Devastation,https://scryfall.com/sets/hou,2017-07-14,2017,7,14,209,expansion,2017-2022,2013-2022
Hour of Devastation Tokens,https://scryfall.com/sets/thou,2017-07-14,2017,7,14,14,token,2017-2022,2013-2022
Archenemy: Nicol Bolas Schemes,https://scryfall.com/sets/oe01,2017-06-16,2017,6,16,20,archenemy,2017-2022,2013-2022
Archenemy: Nicol Bolas,https://scryfall.com/sets/e01,2017-06-16,2017,6,16,106,archenemy,2017-2022,2013-2022
Commander Anthology Tokens,https://scryfall.com/sets/tcma,2017-06-09,2017,6,9,20,token,2017-2022,2013-2022
Commander Anthology,https://scryfall.com/sets/cma,2017-06-09,2017,6,9,320,commander,2017-2022,2013-2022
Amonkhet Promos,https://scryfall.com/sets/pakh,2017-04-28,2017,4,28,76,promo,2017-2022,2013-2022
Amonkhet,https://scryfall.com/sets/akh,2017-04-28,2017,4,28,287,expansion,2017-2022,2013-2022
Amonkhet Tokens,https://scryfall.com/sets/takh,2017-04-28,2017,4,28,27,token,2017-2022,2013-2022
Amonkhet Invocations,https://scryfall.com/sets/mp2,2017-04-28,2017,4,28,54,masterpiece,2017-2022,2013-2022
Welcome Deck 2017,https://scryfall.com/sets/w17,2017-04-15,2017,4,15,30,starter,2017-2022,2013-2022
Duel Decks: Mind vs. Might Tokens,https://scryfall.com/sets/tdds,2017-03-31,2017,3,31,7,token,2017-2022,2013-2022
Duel Decks: Mind vs. Might,https://scryfall.com/sets/dds,2017-03-31,2017,3,31,65,duel_deck,2017-2022,2013-2022
Modern Masters 2017 Tokens,https://scryfall.com/sets/tmm3,2017-03-17,2017,3,17,21,token,2017-2022,2013-2022
Modern Masters 2017,https://scryfall.com/sets/mm3,2017-03-17,2017,3,17,249,masters,2017-2022,2013-2022
Aether Revolt Promos,https://scryfall.com/sets/paer,2017-01-20,2017,1,20,65,promo,2017-2022,2013-2022
Aether Revolt Tokens,https://scryfall.com/sets/taer,2017-01-20,2017,1,20,4,token,2017-2022,2013-2022
Aether Revolt,https://scryfall.com/sets/aer,2017-01-20,2017,1,20,197,expansion,2017-2022,2013-2022
League Tokens 2017,https://scryfall.com/sets/l17,2017-01-01,2017,1,1,1,token,2017-2022,2013-2022
Friday Night Magic 2017,https://scryfall.com/sets/f17,2017-01-01,2017,1,1,12,promo,2017-2022,2013-2022
Judge Gift Cards 2017,https://scryfall.com/sets/j17,2017-01-01,2017,1,1,9,promo,2017-2022,2013-2022
Planechase Anthology Tokens,https://scryfall.com/sets/tpca,2016-11-25,2016,11,25,19,token,2011-2016,2013-2022
Planechase Anthology,https://scryfall.com/sets/pca,2016-11-25,2016,11,25,156,planechase,2011-2016,2013-2022
Treasure Chest,https://scryfall.com/sets/pz2,2016-11-16,2016,11,16,282,treasure_chest,2011-2016,2013-2022
Commander 2016 Oversized,https://scryfall.com/sets/oc16,2016-11-11,2016,11,11,5,memorabilia,2011-2016,2013-2022
Commander 2016 Tokens,https://scryfall.com/sets/tc16,2016-11-11,2016,11,11,21,token,2011-2016,2013-2022
Commander 2016,https://scryfall.com/sets/c16,2016-11-11,2016,11,11,351,commander,2011-2016,2013-2022
San Diego Comic-Con 2016,https://scryfall.com/sets/ps16,2016-10-01,2016,10,1,5,promo,2011-2016,2013-2022
Kaladesh Promos,https://scryfall.com/sets/pkld,2016-09-30,2016,9,30,82,promo,2011-2016,2013-2022
Kaladesh,https://scryfall.com/sets/kld,2016-09-30,2016,9,30,278,expansion,2011-2016,2013-2022
Kaladesh Tokens,https://scryfall.com/sets/tkld,2016-09-30,2016,9,30,13,token,2011-2016,2013-2022
Kaladesh Inventions,https://scryfall.com/sets/mps,2016-09-30,2016,9,30,54,masterpiece,2011-2016,2013-2022
Duel Decks: Nissa vs. Ob Nixilis,https://scryfall.com/sets/ddr,2016-09-02,2016,9,2,76,duel_deck,2011-2016,2013-2022
Conspiracy: Take the Crown,https://scryfall.com/sets/cn2,2016-08-26,2016,8,26,222,draft_innovation,2011-2016,2013-2022
Conspiracy: Take the Crown Tokens,https://scryfall.com/sets/tcn2,2016-08-26,2016,8,26,12,token,2011-2016,2013-2022
From the Vault: Lore,https://scryfall.com/sets/v16,2016-08-19,2016,8,19,16,from_the_vault,2011-2016,2013-2022
Eldritch Moon Promos,https://scryfall.com/sets/pemn,2016-07-22,2016,7,22,76,promo,2011-2016,2013-2022
Eldritch Moon,https://scryfall.com/sets/emn,2016-07-22,2016,7,22,208,expansion,2011-2016,2013-2022
Eldritch Moon Tokens,https://scryfall.com/sets/temn,2016-07-22,2016,7,22,11,token,2011-2016,2013-2022
Eternal Masters,https://scryfall.com/sets/ema,2016-06-10,2016,6,10,249,masters,2011-2016,2013-2022
Eternal Masters Tokens,https://scryfall.com/sets/tema,2016-06-10,2016,6,10,16,token,2011-2016,2013-2022
Shadows over Innistrad Promos,https://scryfall.com/sets/psoi,2016-04-08,2016,4,8,90,promo,2011-2016,2013-2022
Shadows over Innistrad Tokens,https://scryfall.com/sets/tsoi,2016-04-08,2016,4,8,20,token,2011-2016,2013-2022
Welcome Deck 2016,https://scryfall.com/sets/w16,2016-04-08,2016,4,8,16,starter,2011-2016,2013-2022
Shadows over Innistrad,https://scryfall.com/sets/soi,2016-04-08,2016,4,8,302,expansion,2011-2016,2013-2022
Duel Decks: Blessed vs. Cursed,https://scryfall.com/sets/ddq,2016-02-26,2016,2,26,80,duel_deck,2011-2016,2013-2022
Oath of the Gatewatch Tokens,https://scryfall.com/sets/togw,2016-01-22,2016,1,22,11,token,2011-2016,2013-2022
Oath of the Gatewatch,https://scryfall.com/sets/ogw,2016-01-22,2016,1,22,187,expansion,2011-2016,2013-2022
Oath of the Gatewatch Promos,https://scryfall.com/sets/pogw,2016-01-22,2016,1,22,65,promo,2011-2016,2013-2022
League Tokens 2016,https://scryfall.com/sets/l16,2016-01-01,2016,1,1,1,token,2011-2016,2013-2022
Judge Gift Cards 2016,https://scryfall.com/sets/j16,2016-01-01,2016,1,1,8,promo,2011-2016,2013-2022
Friday Night Magic 2016,https://scryfall.com/sets/f16,2016-01-01,2016,1,1,12,promo,2011-2016,2013-2022
Legendary Cube Prize Pack,https://scryfall.com/sets/pz1,2015-11-18,2015,11,18,149,treasure_chest,2011-2016,2013-2022
Commander 2015 Oversized,https://scryfall.com/sets/oc15,2015-11-13,2015,11,13,5,memorabilia,2011-2016,2013-2022
Commander 2015,https://scryfall.com/sets/c15,2015-11-13,2015,11,13,342,commander,2011-2016,2013-2022
Commander 2015 Tokens,https://scryfall.com/sets/tc15,2015-11-13,2015,11,13,25,token,2011-2016,2013-2022
Battle for Zendikar,https://scryfall.com/sets/bfz,2015-10-02,2015,10,2,299,expansion,2011-2016,2013-2022
Battle for Zendikar Promos,https://scryfall.com/sets/pbfz,2015-10-02,2015,10,2,89,promo,2011-2016,2013-2022
Battle for Zendikar Tokens,https://scryfall.com/sets/tbfz,2015-10-02,2015,10,2,14,token,2011-2016,2013-2022
BFZ Standard Series,https://scryfall.com/sets/pss1,2015-10-02,2015,10,2,5,promo,2011-2016,2013-2022
Zendikar Expeditions,https://scryfall.com/sets/exp,2015-10-02,2015,10,2,45,masterpiece,2011-2016,2013-2022
Duel Decks: Zendikar vs. Eldrazi,https://scryfall.com/sets/ddp,2015-08-28,2015,8,28,80,duel_deck,2011-2016,2013-2022
From the Vault: Angels,https://scryfall.com/sets/v15,2015-08-21,2015,8,21,15,from_the_vault,2011-2016,2013-2022
Magic Origins Clash Pack,https://scryfall.com/sets/cp3,2015-07-17,2015,7,17,6,starter,2011-2016,2013-2022
Magic Origins Promos,https://scryfall.com/sets/pori,2015-07-17,2015,7,17,53,promo,2011-2016,2013-2022
Magic Origins Tokens,https://scryfall.com/sets/tori,2015-07-17,2015,7,17,15,token,2011-2016,2013-2022
Magic Origins,https://scryfall.com/sets/ori,2015-07-17,2015,7,17,288,core,2011-2016,2013-2022
San Diego Comic-Con 2015,https://scryfall.com/sets/ps15,2015-07-09,2015,7,9,5,promo,2011-2016,2013-2022
Modern Masters 2015 Tokens,https://scryfall.com/sets/tmm2,2015-05-22,2015,5,22,16,token,2011-2016,2013-2022
Modern Masters 2015,https://scryfall.com/sets/mm2,2015-05-22,2015,5,22,249,masters,2011-2016,2013-2022
Tempest Remastered,https://scryfall.com/sets/tpr,2015-05-06,2015,5,6,269,masters,2011-2016,2013-2022
Tarkir Dragonfury,https://scryfall.com/sets/ptkdf,2015-04-03,2015,4,3,4,promo,2011-2016,2013-2022
Dragons of Tarkir Promos,https://scryfall.com/sets/pdtk,2015-03-27,2015,3,27,51,promo,2011-2016,2013-2022
Dragons of Tarkir Tokens,https://scryfall.com/sets/tdtk,2015-03-27,2015,3,27,8,token,2011-2016,2013-2022
Dragons of Tarkir,https://scryfall.com/sets/dtk,2015-03-27,2015,3,27,264,expansion,2011-2016,2013-2022
Duel Decks: Elspeth vs. Kiora,https://scryfall.com/sets/ddo,2015-02-27,2015,2,27,67,duel_deck,2011-2016,2013-2022
Fate Reforged Promos,https://scryfall.com/sets/pfrf,2015-01-23,2015,1,23,42,promo,2011-2016,2013-2022
Fate Reforged Clash Pack,https://scryfall.com/sets/cp2,2015-01-23,2015,1,23,6,starter,2011-2016,2013-2022
Fate Reforged,https://scryfall.com/sets/frf,2015-01-23,2015,1,23,191,expansion,2011-2016,2013-2022
Fate Reforged Tokens,https://scryfall.com/sets/tfrf,2015-01-23,2015,1,23,4,token,2011-2016,2013-2022
Ugin's Fate,https://scryfall.com/sets/ugin,2015-01-17,2015,1,17,26,promo,2011-2016,2013-2022
League Tokens 2015,https://scryfall.com/sets/l15,2015-01-01,2015,1,1,1,token,2011-2016,2013-2022
Judge Gift Cards 2015,https://scryfall.com/sets/j15,2015-01-01,2015,1,1,8,promo,2011-2016,2013-2022
Friday Night Magic 2015,https://scryfall.com/sets/f15,2015-01-01,2015,1,1,12,promo,2011-2016,2013-2022
Duel Decks Anthology: Jace vs. Chandra Tokens,https://scryfall.com/sets/tjvc,2014-12-05,2014,12,5,1,token,2011-2016,2013-2022
Duel Decks Anthology: Divine vs. Demonic Tokens,https://scryfall.com/sets/tdvd,2014-12-05,2014,12,5,3,token,2011-2016,2013-2022
Duel Decks Anthology: Garruk vs. Liliana Tokens,https://scryfall.com/sets/tgvl,2014-12-05,2014,12,5,4,token,2011-2016,2013-2022
Duel Decks Anthology: Elves vs. Goblins Tokens,https://scryfall.com/sets/tevg,2014-12-05,2014,12,5,3,token,2011-2016,2013-2022
Duel Decks Anthology: Divine vs. Demonic,https://scryfall.com/sets/dvd,2014-12-05,2014,12,5,62,duel_deck,2011-2016,2013-2022
Duel Decks Anthology: Jace vs. Chandra,https://scryfall.com/sets/jvc,2014-12-05,2014,12,5,62,duel_deck,2011-2016,2013-2022
Duel Decks Anthology: Garruk vs. Liliana,https://scryfall.com/sets/gvl,2014-12-05,2014,12,5,63,duel_deck,2011-2016,2013-2022
Duel Decks Anthology: Elves vs. Goblins,https://scryfall.com/sets/evg,2014-12-05,2014,12,5,62,duel_deck,2011-2016,2013-2022
Commander 2014 Oversized,https://scryfall.com/sets/oc14,2014-11-07,2014,11,7,5,memorabilia,2011-2016,2013-2022
Commander 2014 Tokens,https://scryfall.com/sets/tc14,2014-11-07,2014,11,7,36,token,2011-2016,2013-2022
Commander 2014,https://scryfall.com/sets/c14,2014-11-07,2014,11,7,337,commander,2011-2016,2013-2022
Khans of Tarkir Promos,https://scryfall.com/sets/pktk,2014-09-26,2014,9,26,56,promo,2011-2016,2013-2022
Khans of Tarkir,https://scryfall.com/sets/ktk,2014-09-26,2014,9,26,269,expansion,2011-2016,2013-2022
Khans of Tarkir Tokens,https://scryfall.com/sets/tktk,2014-09-26,2014,9,26,13,token,2011-2016,2013-2022
Duel Decks: Speed vs. Cunning,https://scryfall.com/sets/ddn,2014-09-05,2014,9,5,82,duel_deck,2011-2016,2013-2022
From the Vault: Annihilation,https://scryfall.com/sets/v14,2014-08-22,2014,8,22,15,from_the_vault,2011-2016,2013-2022
Magic 2015 Tokens,https://scryfall.com/sets/tm15,2014-07-18,2014,7,18,14,token,2011-2016,2013-2022
Magic 2015 Clash Pack,https://scryfall.com/sets/cp1,2014-07-18,2014,7,18,6,starter,2011-2016,2013-2022
Magic 2015,https://scryfall.com/sets/m15,2014-07-18,2014,7,18,284,core,2011-2016,2013-2022
Magic 2015 Promos,https://scryfall.com/sets/pm15,2014-07-17,2014,7,17,13,promo,2011-2016,2013-2022
M15 Prerelease Challenge,https://scryfall.com/sets/ppc1,2014-07-12,2014,7,12,2,memorabilia,2011-2016,2013-2022
San Diego Comic-Con 2014,https://scryfall.com/sets/ps14,2014-07-08,2014,7,8,6,promo,2011-2016,2013-2022
Vintage Masters,https://scryfall.com/sets/vma,2014-06-16,2014,6,16,325,masters,2011-2016,2013-2022
Conspiracy Promos,https://scryfall.com/sets/pcns,2014-06-06,2014,6,6,1,promo,2011-2016,2013-2022
Conspiracy,https://scryfall.com/sets/cns,2014-06-06,2014,6,6,210,draft_innovation,2011-2016,2013-2022
Conspiracy Tokens,https://scryfall.com/sets/tcns,2014-06-06,2014,6,6,9,token,2011-2016,2013-2022
Modern Event Deck 2014,https://scryfall.com/sets/md1,2014-05-30,2014,5,30,26,box,2011-2016,2013-2022
Modern Event Deck 2014 Tokens,https://scryfall.com/sets/tmd1,2014-05-30,2014,5,30,4,token,2011-2016,2013-2022
Defeat a God,https://scryfall.com/sets/tdag,2014-05-25,2014,5,25,15,token,2011-2016,2013-2022
Journey into Nyx Tokens,https://scryfall.com/sets/tjou,2014-05-02,2014,5,2,6,token,2011-2016,2013-2022
Journey into Nyx,https://scryfall.com/sets/jou,2014-05-02,2014,5,2,165,expansion,2011-2016,2013-2022
Journey into Nyx Hero's Path,https://scryfall.com/sets/thp3,2014-05-02,2014,5,2,8,memorabilia,2011-2016,2013-2022
Journey into Nyx Promos,https://scryfall.com/sets/pjou,2014-04-26,2014,4,26,10,promo,2011-2016,2013-2022
Duel Decks: Jace vs. Vraska,https://scryfall.com/sets/ddm,2014-03-14,2014,3,14,88,duel_deck,2011-2016,2013-2022
Duel Decks: Jace vs. Vraska Tokens,https://scryfall.com/sets/tddm,2014-03-14,2014,3,14,1,token,2011-2016,2013-2022
Battle the Horde,https://scryfall.com/sets/tbth,2014-03-01,2014,3,1,15,token,2011-2016,2013-2022
Born of the Gods Hero's Path,https://scryfall.com/sets/thp2,2014-02-07,2014,2,7,7,memorabilia,2011-2016,2013-2022
Born of the Gods,https://scryfall.com/sets/bng,2014-02-07,2014,2,7,165,expansion,2011-2016,2013-2022
Born of the Gods Tokens,https://scryfall.com/sets/tbng,2014-02-07,2014,2,7,11,token,2011-2016,2013-2022
Born of the Gods Promos,https://scryfall.com/sets/pbng,2014-02-01,2014,2,1,9,promo,2011-2016,2013-2022
Duels of the Planeswalkers 2015 Promos ,https://scryfall.com/sets/pdp15,2014-01-01,2014,1,1,2,promo,2011-2016,2013-2022
IDW Comics 2014,https://scryfall.com/sets/pi14,2014-01-01,2014,1,1,3,promo,2011-2016,2013-2022
League Tokens 2014,https://scryfall.com/sets/l14,2014-01-01,2014,1,1,4,token,2011-2016,2013-2022
Judge Gift Cards 2014,https://scryfall.com/sets/j14,2014-01-01,2014,1,1,14,promo,2011-2016,2013-2022
Friday Night Magic 2014,https://scryfall.com/sets/f14,2014-01-01,2014,1,1,12,promo,2011-2016,2013-2022
Commander 2013 Oversized,https://scryfall.com/sets/oc13,2013-11-01,2013,11,1,15,memorabilia,2011-2016,2013-2022
Commander 2013,https://scryfall.com/sets/c13,2013-11-01,2013,11,1,356,commander,2011-2016,2013-2022
Face the Hydra,https://scryfall.com/sets/tfth,2013-10-19,2013,10,19,15,token,2011-2016,2013-2022
Theros Tokens,https://scryfall.com/sets/tths,2013-09-27,2013,9,27,11,token,2011-2016,2013-2022
Theros Hero's Path,https://scryfall.com/sets/thp1,2013-09-27,2013,9,27,7,memorabilia,2011-2016,2013-2022
Theros,https://scryfall.com/sets/ths,2013-09-27,2013,9,27,249,expansion,2011-2016,2013-2022
Theros Promos,https://scryfall.com/sets/pths,2013-09-21,2013,9,21,10,promo,2011-2016,2013-2022
Duel Decks: Heroes vs. Monsters,https://scryfall.com/sets/ddl,2013-09-06,2013,9,6,81,duel_deck,2011-2016,2013-2022
Duel Decks: Heroes vs. Monsters Tokens,https://scryfall.com/sets/tddl,2013-09-06,2013,9,6,2,token,2011-2016,2013-2022
From the Vault: Twenty,https://scryfall.com/sets/v13,2013-08-23,2013,8,23,20,from_the_vault,2011-2016,2013-2022
Magic 2014 Tokens,https://scryfall.com/sets/tm14,2013-07-19,2013,7,19,13,token,2011-2016,2013-2022
Magic 2014,https://scryfall.com/sets/m14,2013-07-19,2013,7,19,249,core,2011-2016,2013-2022
Magic 2014 Promos,https://scryfall.com/sets/pm14,2013-07-18,2013,7,18,5,promo,2011-2016,2013-2022
San Diego Comic-Con 2013,https://scryfall.com/sets/psdc,2013-07-18,2013,7,18,5,promo,2011-2016,2013-2022
Modern Masters Tokens,https://scryfall.com/sets/tmma,2013-06-07,2013,6,7,16,token,2011-2016,2013-2022
Modern Masters,https://scryfall.com/sets/mma,2013-06-07,2013,6,7,229,masters,2011-2016,2013-2022
Dragon's Maze,https://scryfall.com/sets/dgm,2013-05-03,2013,5,3,156,expansion,2011-2016,2013-2022
Dragon's Maze Tokens,https://scryfall.com/sets/tdgm,2013-05-03,2013,5,3,1,token,2011-2016,2013-2022
Dragon's Maze Promos,https://scryfall.com/sets/pdgm,2013-04-27,2013,4,27,6,promo,2011-2016,2013-2022
World Magic Cup Qualifiers,https://scryfall.com/sets/wmc,2013-04-06,2013,4,6,5,promo,2011-2016,2013-2022
Duel Decks: Sorin vs. Tibalt,https://scryfall.com/sets/ddk,2013-03-15,2013,3,15,80,duel_deck,2011-2016,2013-2022
Duel Decks: Sorin vs. Tibalt Tokens,https://scryfall.com/sets/tddk,2013-03-15,2013,3,15,1,token,2011-2016,2013-2022
Gatecrash,https://scryfall.com/sets/gtc,2013-02-01,2013,2,1,249,expansion,2011-2016,2013-2022
Gatecrash Tokens,https://scryfall.com/sets/tgtc,2013-02-01,2013,2,1,8,token,2011-2016,2013-2022
Gatecrash Promos,https://scryfall.com/sets/pgtc,2013-01-26,2013,1,26,9,promo,2011-2016,2013-2022
Duels of the Planeswalkers 2014 Promos ,https://scryfall.com/sets/pdp14,2013-01-01,2013,1,1,3,promo,2011-2016,2013-2022
IDW Comics 2013,https://scryfall.com/sets/pi13,2013-01-01,2013,1,1,5,promo,2011-2016,2013-2022
League Tokens 2013,https://scryfall.com/sets/l13,2013-01-01,2013,1,1,4,token,2011-2016,2013-2022
Friday Night Magic 2013,https://scryfall.com/sets/f13,2013-01-01,2013,1,1,12,promo,2011-2016,2013-2022
Judge Gift Cards 2013,https://scryfall.com/sets/j13,2013-01-01,2013,1,1,9,promo,2011-2016,2013-2022
Commander's Arsenal Oversized,https://scryfall.com/sets/ocm1,2012-11-02,2012,11,2,10,memorabilia,2011-2016,2003-2012
Commander's Arsenal,https://scryfall.com/sets/cm1,2012-11-02,2012,11,2,18,arsenal,2011-2016,2003-2012
Return to Ravnica,https://scryfall.com/sets/rtr,2012-10-05,2012,10,5,274,expansion,2011-2016,2003-2012
Return to Ravnica Promos,https://scryfall.com/sets/prtr,2012-10-05,2012,10,5,10,promo,2011-2016,2003-2012
Return to Ravnica Tokens,https://scryfall.com/sets/trtr,2012-10-05,2012,10,5,12,token,2011-2016,2003-2012
Duel Decks: Izzet vs. Golgari Tokens,https://scryfall.com/sets/tddj,2012-09-07,2012,9,7,1,token,2011-2016,2003-2012
Duel Decks: Izzet vs. Golgari,https://scryfall.com/sets/ddj,2012-09-07,2012,9,7,90,duel_deck,2011-2016,2003-2012
From the Vault: Realms,https://scryfall.com/sets/v12,2012-08-31,2012,8,31,15,from_the_vault,2011-2016,2003-2012
Magic 2013,https://scryfall.com/sets/m13,2012-07-13,2012,7,13,249,core,2011-2016,2003-2012
Magic 2013 Tokens,https://scryfall.com/sets/tm13,2012-07-13,2012,7,13,11,token,2011-2016,2003-2012
Magic 2013 Promos,https://scryfall.com/sets/pm13,2012-07-12,2012,7,12,5,promo,2011-2016,2003-2012
Planechase 2012 Planes,https://scryfall.com/sets/opc2,2012-06-01,2012,6,1,40,planechase,2011-2016,2003-2012
Planechase 2012,https://scryfall.com/sets/pc2,2012-06-01,2012,6,1,156,planechase,2011-2016,2003-2012
Avacyn Restored Tokens,https://scryfall.com/sets/tavr,2012-05-04,2012,5,4,8,token,2011-2016,2003-2012
Avacyn Restored,https://scryfall.com/sets/avr,2012-05-04,2012,5,4,244,expansion,2011-2016,2003-2012
Open the Helvault,https://scryfall.com/sets/phel,2012-04-28,2012,4,28,6,memorabilia,2011-2016,2003-2012
Avacyn Restored Promos,https://scryfall.com/sets/pavr,2012-04-28,2012,4,28,5,promo,2011-2016,2003-2012
Duel Decks: Venser vs. Koth Tokens,https://scryfall.com/sets/tddi,2012-03-30,2012,3,30,2,token,2011-2016,2003-2012
Duel Decks: Venser vs. Koth,https://scryfall.com/sets/ddi,2012-03-30,2012,3,30,77,duel_deck,2011-2016,2003-2012
Dark Ascension,https://scryfall.com/sets/dka,2012-02-03,2012,2,3,158,expansion,2011-2016,2003-2012
Dark Ascension Tokens,https://scryfall.com/sets/tdka,2012-02-03,2012,2,3,4,token,2011-2016,2003-2012
Dark Ascension Promos,https://scryfall.com/sets/pdka,2012-01-28,2012,1,28,5,promo,2011-2016,2003-2012
IDW Comics 2012,https://scryfall.com/sets/pidw,2012-01-01,2012,1,1,9,promo,2011-2016,2003-2012
Wizards Play Network 2012,https://scryfall.com/sets/pw12,2012-01-01,2012,1,1,3,promo,2011-2016,2003-2012
Duels of the Planeswalkers 2013 Promos ,https://scryfall.com/sets/pdp13,2012-01-01,2012,1,1,3,promo,2011-2016,2003-2012
League Tokens 2012,https://scryfall.com/sets/l12,2012-01-01,2012,1,1,2,token,2011-2016,2003-2012
Friday Night Magic 2012,https://scryfall.com/sets/f12,2012-01-01,2012,1,1,13,promo,2011-2016,2003-2012
Judge Gift Cards 2012,https://scryfall.com/sets/j12,2012-01-01,2012,1,1,9,promo,2011-2016,2003-2012
Premium Deck Series: Graveborn,https://scryfall.com/sets/pd3,2011-11-18,2011,11,18,30,premium_deck,2011-2016,2003-2012
Innistrad,https://scryfall.com/sets/isd,2011-09-30,2011,9,30,264,expansion,2011-2016,2003-2012
Innistrad Tokens,https://scryfall.com/sets/tisd,2011-09-30,2011,9,30,13,token,2011-2016,2003-2012
Innistrad Promos,https://scryfall.com/sets/pisd,2011-09-24,2011,9,24,5,promo,2011-2016,2003-2012
Duel Decks: Ajani vs. Nicol Bolas,https://scryfall.com/sets/ddh,2011-09-02,2011,9,2,80,duel_deck,2011-2016,2003-2012
Duel Decks: Ajani vs. Nicol Bolas Tokens,https://scryfall.com/sets/tddh,2011-09-02,2011,9,2,2,token,2011-2016,2003-2012
From the Vault: Legends,https://scryfall.com/sets/v11,2011-08-26,2011,8,26,15,from_the_vault,2011-2016,2003-2012
Magic 2012 Tokens,https://scryfall.com/sets/tm12,2011-07-15,2011,7,15,7,token,2011-2016,2003-2012
Magic 2012,https://scryfall.com/sets/m12,2011-07-15,2011,7,15,249,core,2011-2016,2003-2012
Magic 2012 Promos,https://scryfall.com/sets/pm12,2011-07-14,2011,7,14,5,promo,2011-2016,2003-2012
Commander 2011 Oversized,https://scryfall.com/sets/ocmd,2011-06-17,2011,6,17,15,memorabilia,2011-2016,2003-2012
Commander 2011,https://scryfall.com/sets/cmd,2011-06-17,2011,6,17,318,commander,2011-2016,2003-2012
Commander 2011 Launch Party,https://scryfall.com/sets/pcmd,2011-06-17,2011,6,17,5,memorabilia,2011-2016,2003-2012
Duel Decks: Mirrodin Pure vs. New Phyrexia,https://scryfall.com/sets/td2,2011-05-14,2011,5,14,88,duel_deck,2011-2016,2003-2012
New Phyrexia Tokens,https://scryfall.com/sets/tnph,2011-05-13,2011,5,13,5,token,2011-2016,2003-2012
New Phyrexia,https://scryfall.com/sets/nph,2011-05-13,2011,5,13,175,expansion,2011-2016,2003-2012
New Phyrexia Promos,https://scryfall.com/sets/pnph,2011-05-12,2011,5,12,6,promo,2011-2016,2003-2012
Duel Decks: Knights vs. Dragons Tokens,https://scryfall.com/sets/tddg,2011-04-01,2011,4,1,1,token,2011-2016,2003-2012
Duel Decks: Knights vs. Dragons,https://scryfall.com/sets/ddg,2011-04-01,2011,4,1,81,duel_deck,2011-2016,2003-2012
Mirrodin Besieged,https://scryfall.com/sets/mbs,2011-02-04,2011,2,4,155,expansion,2011-2016,2003-2012
Mirrodin Besieged Tokens,https://scryfall.com/sets/tmbs,2011-02-04,2011,2,4,6,token,2011-2016,2003-2012
Mirrodin Besieged Promos,https://scryfall.com/sets/pmbs,2011-02-03,2011,2,3,6,promo,2011-2016,2003-2012
Masters Edition IV,https://scryfall.com/sets/me4,2011-01-10,2011,1,10,269,masters,2011-2016,2003-2012
Magic Premiere Shop 2011,https://scryfall.com/sets/pmps11,2011-01-01,2011,1,1,5,promo,2011-2016,2003-2012
Duels of the Planeswalkers 2012 Promos ,https://scryfall.com/sets/pdp12,2011-01-01,2011,1,1,3,promo,2011-2016,2003-2012
Wizards Play Network 2011,https://scryfall.com/sets/pw11,2011-01-01,2011,1,1,14,promo,2011-2016,2003-2012
Legacy Championship,https://scryfall.com/sets/olgc,2011-01-01,2011,1,1,21,memorabilia,2011-2016,2003-2012
Judge Gift Cards 2011,https://scryfall.com/sets/g11,2011-01-01,2011,1,1,9,promo,2011-2016,2003-2012
Magic Player Rewards 2011,https://scryfall.com/sets/p11,2011-01-01,2011,1,1,5,promo,2011-2016,2003-2012
Friday Night Magic 2011,https://scryfall.com/sets/f11,2011-01-01,2011,1,1,12,promo,2011-2016,2003-2012
Salvat 2011,https://scryfall.com/sets/ps11,2011-01-01,2011,1,1,224,box,2011-2016,2003-2012
Premium Deck Series: Fire and Lightning,https://scryfall.com/sets/pd2,2010-11-19,2010,11,19,34,premium_deck,2005-2010,2003-2012
Magic Online Theme Decks,https://scryfall.com/sets/td0,2010-11-08,2010,11,8,197,box,2005-2010,2003-2012
Scars of Mirrodin Tokens,https://scryfall.com/sets/tsom,2010-10-01,2010,10,1,10,token,2005-2010,2003-2012
Scars of Mirrodin,https://scryfall.com/sets/som,2010-10-01,2010,10,1,249,expansion,2005-2010,2003-2012
Scars of Mirrodin Promos,https://scryfall.com/sets/psom,2010-09-30,2010,9,30,5,promo,2005-2010,2003-2012
Duel Decks: Elspeth vs. Tezzeret,https://scryfall.com/sets/ddf,2010-09-03,2010,9,3,79,duel_deck,2005-2010,2003-2012
Duel Decks: Elspeth vs. Tezzeret Tokens,https://scryfall.com/sets/tddf,2010-09-03,2010,9,3,1,token,2005-2010,2003-2012
From the Vault: Relics,https://scryfall.com/sets/v10,2010-08-27,2010,8,27,15,from_the_vault,2005-2010,2003-2012
Magic 2011 Tokens,https://scryfall.com/sets/tm11,2010-07-16,2010,7,16,6,token,2005-2010,2003-2012
Magic 2011,https://scryfall.com/sets/m11,2010-07-16,2010,7,16,249,core,2005-2010,2003-2012
Magic 2011 Promos,https://scryfall.com/sets/pm11,2010-07-15,2010,7,15,5,promo,2005-2010,2003-2012
Archenemy Schemes,https://scryfall.com/sets/oarc,2010-06-18,2010,6,18,45,archenemy,2005-2010,2003-2012
Archenemy,https://scryfall.com/sets/arc,2010-06-18,2010,6,18,150,archenemy,2005-2010,2003-2012
Promotional Schemes,https://scryfall.com/sets/parc,2010-06-18,2010,6,18,5,archenemy,2005-2010,2003-2012
Duels of the Planeswalkers,https://scryfall.com/sets/dpa,2010-06-04,2010,6,4,113,box,2005-2010,2003-2012
Rise of the Eldrazi Promos,https://scryfall.com/sets/proe,2010-04-23,2010,4,23,6,promo,2005-2010,2003-2012
Rise of the Eldrazi,https://scryfall.com/sets/roe,2010-04-23,2010,4,23,248,expansion,2005-2010,2003-2012
Rise of the Eldrazi Tokens,https://scryfall.com/sets/troe,2010-04-23,2010,4,23,7,token,2005-2010,2003-2012
Duel Decks: Phyrexia vs. the Coalition Tokens,https://scryfall.com/sets/tdde,2010-03-19,2010,3,19,3,token,2005-2010,2003-2012
Duel Decks: Phyrexia vs. the Coalition,https://scryfall.com/sets/dde,2010-03-19,2010,3,19,71,duel_deck,2005-2010,2003-2012
Worldwake Promos,https://scryfall.com/sets/pwwk,2010-02-05,2010,2,5,6,promo,2005-2010,2003-2012
Worldwake,https://scryfall.com/sets/wwk,2010-02-05,2010,2,5,145,expansion,2005-2010,2003-2012
Worldwake Tokens,https://scryfall.com/sets/twwk,2010-02-05,2010,2,5,6,token,2005-2010,2003-2012
Duels of the Planeswalkers 2010 Promos ,https://scryfall.com/sets/pdp10,2010-01-01,2010,1,1,2,promo,2005-2010,2003-2012
Wizards Play Network 2010,https://scryfall.com/sets/pw10,2010-01-01,2010,1,1,10,promo,2005-2010,2003-2012
Magic Premiere Shop 2010,https://scryfall.com/sets/pmps10,2010-01-01,2010,1,1,5,promo,2005-2010,2003-2012
Friday Night Magic 2010,https://scryfall.com/sets/f10,2010-01-01,2010,1,1,12,promo,2005-2010,2003-2012
Magic Player Rewards 2010,https://scryfall.com/sets/p10,2010-01-01,2010,1,1,9,promo,2005-2010,2003-2012
Judge Gift Cards 2010,https://scryfall.com/sets/g10,2010-01-01,2010,1,1,8,promo,2005-2010,2003-2012
Premium Deck Series: Slivers,https://scryfall.com/sets/h09,2009-11-20,2009,11,20,41,premium_deck,2005-2010,2003-2012
Duel Decks: Garruk vs. Liliana Tokens,https://scryfall.com/sets/tddd,2009-10-30,2009,10,30,3,token,2005-2010,2003-2012
Duel Decks: Garruk vs. Liliana,https://scryfall.com/sets/ddd,2009-10-30,2009,10,30,63,duel_deck,2005-2010,2003-2012
Zendikar Promos,https://scryfall.com/sets/pzen,2009-10-02,2009,10,2,5,promo,2005-2010,2003-2012
Zendikar,https://scryfall.com/sets/zen,2009-10-02,2009,10,2,269,expansion,2005-2010,2003-2012
Zendikar Tokens,https://scryfall.com/sets/tzen,2009-10-02,2009,10,2,11,token,2005-2010,2003-2012
Masters Edition III,https://scryfall.com/sets/me3,2009-09-07,2009,9,7,230,masters,2005-2010,2003-2012
Planechase Planes,https://scryfall.com/sets/ohop,2009-09-04,2009,9,4,40,planechase,2005-2010,2003-2012
Planechase,https://scryfall.com/sets/hop,2009-09-04,2009,9,4,169,planechase,2005-2010,2003-2012
Promotional Planes,https://scryfall.com/sets/phop,2009-09-04,2009,9,4,6,promo,2005-2010,2003-2012
From the Vault: Exiled,https://scryfall.com/sets/v09,2009-08-28,2009,8,28,15,from_the_vault,2005-2010,2003-2012
Magic 2010 Tokens,https://scryfall.com/sets/tm10,2009-07-17,2009,7,17,8,token,2005-2010,2003-2012
Magic 2010,https://scryfall.com/sets/m10,2009-07-17,2009,7,17,249,core,2005-2010,2003-2012
Magic 2010 Promos,https://scryfall.com/sets/pm10,2009-07-16,2009,7,16,5,promo,2005-2010,2003-2012
Alara Reborn Promos,https://scryfall.com/sets/parb,2009-04-30,2009,4,30,2,promo,2005-2010,2003-2012
Alara Reborn Tokens,https://scryfall.com/sets/tarb,2009-04-30,2009,4,30,4,token,2005-2010,2003-2012
Alara Reborn,https://scryfall.com/sets/arb,2009-04-30,2009,4,30,145,expansion,2005-2010,2003-2012
Duel Decks: Divine vs. Demonic Tokens,https://scryfall.com/sets/tddc,2009-04-10,2009,4,10,3,token,2005-2010,2003-2012
Duel Decks: Divine vs. Demonic,https://scryfall.com/sets/ddc,2009-04-10,2009,4,10,62,duel_deck,2005-2010,2003-2012
URL/Convention Promos,https://scryfall.com/sets/purl,2009-02-08,2009,2,8,9,promo,2005-2010,2003-2012
Conflux Promos,https://scryfall.com/sets/pcon,2009-02-06,2009,2,6,2,promo,2005-2010,2003-2012
Conflux Tokens,https://scryfall.com/sets/tcon,2009-02-06,2009,2,6,2,token,2005-2010,2003-2012
Conflux,https://scryfall.com/sets/con,2009-02-06,2009,2,6,145,expansion,2005-2010,2003-2012
Miscellaneous Book Promos,https://scryfall.com/sets/pbook,2009-01-27,2009,1,27,1,promo,2005-2010,2003-2012
Wizards Play Network 2009,https://scryfall.com/sets/pw09,2009-01-01,2009,1,1,8,promo,2005-2010,2003-2012
Duels of the Planeswalkers 2009 Promos ,https://scryfall.com/sets/pdtp,2009-01-01,2009,1,1,1,promo,2005-2010,2003-2012
Magic Premiere Shop 2009,https://scryfall.com/sets/pmps09,2009-01-01,2009,1,1,5,promo,2005-2010,2003-2012
Friday Night Magic 2009,https://scryfall.com/sets/f09,2009-01-01,2009,1,1,12,promo,2005-2010,2003-2012
Judge Gift Cards 2009,https://scryfall.com/sets/g09,2009-01-01,2009,1,1,10,promo,2005-2010,2003-2012
Magic Player Rewards 2009,https://scryfall.com/sets/p09,2009-01-01,2009,1,1,9,promo,2005-2010,2003-2012
Duel Decks: Jace vs. Chandra Tokens,https://scryfall.com/sets/tdd2,2008-11-07,2008,11,7,1,token,2005-2010,2003-2012
Duel Decks: Jace vs. Chandra,https://scryfall.com/sets/dd2,2008-11-07,2008,11,7,64,duel_deck,2005-2010,2003-2012
Shards of Alara Promos,https://scryfall.com/sets/pala,2008-10-03,2008,10,3,1,promo,2005-2010,2003-2012
Shards of Alara,https://scryfall.com/sets/ala,2008-10-03,2008,10,3,250,expansion,2005-2010,2003-2012
Shards of Alara Tokens,https://scryfall.com/sets/tala,2008-10-03,2008,10,3,10,token,2005-2010,2003-2012
Wizards Play Network 2008,https://scryfall.com/sets/pwpn,2008-10-01,2008,10,1,2,promo,2005-2010,2003-2012
Masters Edition II,https://scryfall.com/sets/me2,2008-09-22,2008,9,22,245,masters,2005-2010,2003-2012
From the Vault: Dragons,https://scryfall.com/sets/drb,2008-08-29,2008,8,29,15,from_the_vault,2005-2010,2003-2012
Eventide Promos,https://scryfall.com/sets/peve,2008-07-25,2008,7,25,2,promo,2005-2010,2003-2012
Eventide Tokens,https://scryfall.com/sets/teve,2008-07-25,2008,7,25,7,token,2005-2010,2003-2012
Eventide,https://scryfall.com/sets/eve,2008-07-25,2008,7,25,180,expansion,2005-2010,2003-2012
Shadowmoor Promos,https://scryfall.com/sets/pshm,2008-05-02,2008,5,2,2,promo,2005-2010,2003-2012
Shadowmoor Tokens,https://scryfall.com/sets/tshm,2008-05-02,2008,5,2,12,token,2005-2010,2003-2012
Shadowmoor,https://scryfall.com/sets/shm,2008-05-02,2008,5,2,302,expansion,2005-2010,2003-2012
15th Anniversary Cards,https://scryfall.com/sets/p15a,2008-04-01,2008,4,1,2,promo,2005-2010,2003-2012
Morningtide Promos,https://scryfall.com/sets/pmor,2008-02-01,2008,2,1,2,promo,2005-2010,2003-2012
Morningtide,https://scryfall.com/sets/mor,2008-02-01,2008,2,1,150,expansion,2005-2010,2003-2012
Morningtide Tokens,https://scryfall.com/sets/tmor,2008-02-01,2008,2,1,3,token,2005-2010,2003-2012
Magic Premiere Shop 2008,https://scryfall.com/sets/pmps08,2008-01-01,2008,1,1,6,promo,2005-2010,2003-2012
Gateway 2008,https://scryfall.com/sets/pg08,2008-01-01,2008,1,1,8,promo,2005-2010,2003-2012
Magic Player Rewards 2008,https://scryfall.com/sets/p08,2008-01-01,2008,1,1,7,promo,2005-2010,2003-2012
Judge Gift Cards 2008,https://scryfall.com/sets/g08,2008-01-01,2008,1,1,5,promo,2005-2010,2003-2012
Friday Night Magic 2008,https://scryfall.com/sets/f08,2008-01-01,2008,1,1,12,promo,2005-2010,2003-2012
Duel Decks: Elves vs. Goblins Tokens,https://scryfall.com/sets/tdd1,2007-11-16,2007,11,16,3,token,2005-2010,2003-2012
Duel Decks: Elves vs. Goblins,https://scryfall.com/sets/dd1,2007-11-16,2007,11,16,62,duel_deck,2005-2010,2003-2012
Lorwyn Promos,https://scryfall.com/sets/plrw,2007-10-12,2007,10,12,2,promo,2005-2010,2003-2012
Lorwyn Tokens,https://scryfall.com/sets/tlrw,2007-10-12,2007,10,12,11,token,2005-2010,2003-2012
Lorwyn,https://scryfall.com/sets/lrw,2007-10-12,2007,10,12,301,expansion,2005-2010,2003-2012
Masters Edition,https://scryfall.com/sets/me1,2007-09-10,2007,9,10,195,masters,2005-2010,2003-2012
Summer of Magic,https://scryfall.com/sets/psum,2007-07-21,2007,7,21,2,promo,2005-2010,2003-2012
Tenth Edition,https://scryfall.com/sets/10e,2007-07-13,2007,7,13,508,core,2005-2010,2003-2012
Tenth Edition Promos,https://scryfall.com/sets/p10e,2007-07-13,2007,7,13,1,promo,2005-2010,2003-2012
Tenth Edition Tokens,https://scryfall.com/sets/t10e,2007-07-13,2007,7,13,6,token,2005-2010,2003-2012
Future Sight Promos,https://scryfall.com/sets/pfut,2007-05-04,2007,5,4,2,promo,2005-2010,2003-2012
Future Sight,https://scryfall.com/sets/fut,2007-05-04,2007,5,4,180,expansion,2005-2010,2003-2012
Grand Prix Promos,https://scryfall.com/sets/pgpx,2007-02-24,2007,2,24,20,promo,2005-2010,2003-2012
Pro Tour Promos,https://scryfall.com/sets/ppro,2007-02-09,2007,2,9,32,promo,2005-2010,2003-2012
Planar Chaos Promos,https://scryfall.com/sets/pplc,2007-02-02,2007,2,2,2,promo,2005-2010,2003-2012
Planar Chaos,https://scryfall.com/sets/plc,2007-02-02,2007,2,2,165,expansion,2005-2010,2003-2012
Resale Promos,https://scryfall.com/sets/pres,2007-01-01,2007,1,1,34,promo,2005-2010,2003-2012
Gateway 2007,https://scryfall.com/sets/pg07,2007-01-01,2007,1,1,9,promo,2005-2010,2003-2012
Magic Premiere Shop 2007,https://scryfall.com/sets/pmps07,2007-01-01,2007,1,1,5,promo,2005-2010,2003-2012
Friday Night Magic 2007,https://scryfall.com/sets/f07,2007-01-01,2007,1,1,12,promo,2005-2010,2003-2012
Magic Player Rewards 2007,https://scryfall.com/sets/p07,2007-01-01,2007,1,1,7,promo,2005-2010,2003-2012
Judge Gift Cards 2007,https://scryfall.com/sets/g07,2007-01-01,2007,1,1,5,promo,2005-2010,2003-2012
Happy Holidays,https://scryfall.com/sets/hho,2006-12-31,2006,12,31,19,funny,2005-2010,2003-2012
Time Spiral Promos,https://scryfall.com/sets/ptsp,2006-10-06,2006,10,6,2,promo,2005-2010,2003-2012
Time Spiral Timeshifted,https://scryfall.com/sets/tsb,2006-10-06,2006,10,6,121,expansion,2005-2010,2003-2012
Time Spiral,https://scryfall.com/sets/tsp,2006-10-06,2006,10,6,301,expansion,2005-2010,2003-2012
Coldsnap Promos,https://scryfall.com/sets/pcsp,2006-07-21,2006,7,21,2,promo,2005-2010,2003-2012
Coldsnap,https://scryfall.com/sets/csp,2006-07-21,2006,7,21,155,expansion,2005-2010,2003-2012
Coldsnap Theme Decks,https://scryfall.com/sets/cst,2006-07-21,2006,7,21,62,box,2005-2010,2003-2012
Dissension Promos,https://scryfall.com/sets/pdis,2006-05-05,2006,5,5,2,promo,2005-2010,2003-2012
Dissension,https://scryfall.com/sets/dis,2006-05-05,2006,5,5,180,expansion,2005-2010,2003-2012
Champs and States,https://scryfall.com/sets/pcmp,2006-03-18,2006,3,18,12,promo,2005-2010,2003-2012
Guildpact Promos,https://scryfall.com/sets/pgpt,2006-02-03,2006,2,3,2,promo,2005-2010,2003-2012
Guildpact,https://scryfall.com/sets/gpt,2006-02-03,2006,2,3,166,expansion,2005-2010,2003-2012
Arena League 2006,https://scryfall.com/sets/pal06,2006-01-01,2006,1,1,9,promo,2005-2010,2003-2012
Magic Premiere Shop 2006,https://scryfall.com/sets/pmps06,2006-01-01,2006,1,1,5,promo,2005-2010,2003-2012
Junior APAC Series,https://scryfall.com/sets/pjas,2006-01-01,2006,1,1,6,promo,2005-2010,2003-2012
Friday Night Magic 2006,https://scryfall.com/sets/f06,2006-01-01,2006,1,1,12,promo,2005-2010,2003-2012
Hachette UK,https://scryfall.com/sets/phuk,2006-01-01,2006,1,1,60,box,2005-2010,2003-2012
Magic Player Rewards 2006,https://scryfall.com/sets/p06,2006-01-01,2006,1,1,7,promo,2005-2010,2003-2012
Gateway 2006,https://scryfall.com/sets/pgtw,2006-01-01,2006,1,1,3,promo,2005-2010,2003-2012
Judge Gift Cards 2006,https://scryfall.com/sets/g06,2006-01-01,2006,1,1,4,promo,2005-2010,2003-2012
Two-Headed Giant Tournament,https://scryfall.com/sets/p2hg,2005-12-09,2005,12,9,1,promo,2005-2010,2003-2012
Ravnica: City of Guilds Promos,https://scryfall.com/sets/prav,2005-10-07,2005,10,7,2,promo,2005-2010,2003-2012
Ravnica: City of Guilds,https://scryfall.com/sets/rav,2005-10-07,2005,10,7,306,expansion,2005-2010,2003-2012
Salvat 2005,https://scryfall.com/sets/psal,2005-08-22,2005,8,22,720,box,2005-2010,2003-2012
Ninth Edition Promos,https://scryfall.com/sets/p9ed,2005-07-29,2005,7,29,2,promo,2005-2010,2003-2012
Ninth Edition,https://scryfall.com/sets/9ed,2005-07-29,2005,7,29,359,core,2005-2010,2003-2012
Saviors of Kamigawa Promos,https://scryfall.com/sets/psok,2005-06-03,2005,6,3,2,promo,2005-2010,2003-2012
Saviors of Kamigawa,https://scryfall.com/sets/sok,2005-06-03,2005,6,3,165,expansion,2005-2010,2003-2012
Betrayers of Kamigawa Promos,https://scryfall.com/sets/pbok,2005-02-04,2005,2,4,2,promo,2005-2010,2003-2012
Betrayers of Kamigawa,https://scryfall.com/sets/bok,2005-02-04,2005,2,4,165,expansion,2005-2010,2003-2012
Magic Premiere Shop 2005,https://scryfall.com/sets/pmps,2005-01-01,2005,1,1,20,promo,2005-2010,2003-2012
Arena League 2005,https://scryfall.com/sets/pal05,2005-01-01,2005,1,1,8,promo,2005-2010,2003-2012
Junior Series Europe,https://scryfall.com/sets/pjse,2005-01-01,2005,1,1,8,promo,2005-2010,2003-2012
Judge Gift Cards 2005,https://scryfall.com/sets/g05,2005-01-01,2005,1,1,4,promo,2005-2010,2003-2012
Friday Night Magic 2005,https://scryfall.com/sets/f05,2005-01-01,2005,1,1,12,promo,2005-2010,2003-2012
Magic Player Rewards 2005,https://scryfall.com/sets/p05,2005-01-01,2005,1,1,6,promo,2005-2010,2003-2012
Unhinged Promos,https://scryfall.com/sets/punh,2004-11-19,2004,11,19,1,promo,1999-2004,2003-2012
Unhinged,https://scryfall.com/sets/unh,2004-11-19,2004,11,19,168,funny,1999-2004,2003-2012
Champions of Kamigawa Promos,https://scryfall.com/sets/pchk,2004-10-01,2004,10,1,1,promo,1999-2004,2003-2012
Champions of Kamigawa,https://scryfall.com/sets/chk,2004-10-01,2004,10,1,307,expansion,1999-2004,2003-2012
World Championship Decks 2004,https://scryfall.com/sets/wc04,2004-09-01,2004,9,1,103,memorabilia,1999-2004,2003-2012
Mirrodin Promos,https://scryfall.com/sets/pmrd,2004-06-04,2004,6,4,1,promo,1999-2004,2003-2012
Darksteel Promos,https://scryfall.com/sets/pdst,2004-06-04,2004,6,4,1,promo,1999-2004,2003-2012
Fifth Dawn Promos,https://scryfall.com/sets/p5dn,2004-06-04,2004,6,4,1,promo,1999-2004,2003-2012
Fifth Dawn,https://scryfall.com/sets/5dn,2004-06-04,2004,6,4,165,expansion,1999-2004,2003-2012
Darksteel,https://scryfall.com/sets/dst,2004-02-06,2004,2,6,165,expansion,1999-2004,2003-2012
Arena League 2004,https://scryfall.com/sets/pal04,2004-01-01,2004,1,1,14,promo,1999-2004,2003-2012
Judge Gift Cards 2004,https://scryfall.com/sets/g04,2004-01-01,2004,1,1,6,promo,1999-2004,2003-2012
Friday Night Magic 2004,https://scryfall.com/sets/f04,2004-01-01,2004,1,1,12,promo,1999-2004,2003-2012
Magic Player Rewards 2004,https://scryfall.com/sets/p04,2004-01-01,2004,1,1,6,promo,1999-2004,2003-2012
Mirrodin,https://scryfall.com/sets/mrd,2003-10-02,2003,10,2,306,expansion,1999-2004,2003-2012
World Championship Decks 2003,https://scryfall.com/sets/wc03,2003-08-06,2003,8,6,142,memorabilia,1999-2004,2003-2012
Eighth Edition Promos,https://scryfall.com/sets/p8ed,2003-07-28,2003,7,28,1,promo,1999-2004,2003-2012
Eighth Edition,https://scryfall.com/sets/8ed,2003-07-28,2003,7,28,360,core,1999-2004,2003-2012
Scourge Promos,https://scryfall.com/sets/pscg,2003-05-26,2003,5,26,1,promo,1999-2004,2003-2012
Scourge,https://scryfall.com/sets/scg,2003-05-26,2003,5,26,143,expansion,1999-2004,2003-2012
Onslaught Promos,https://scryfall.com/sets/pons,2003-02-03,2003,2,3,1,promo,1999-2004,2003-2012
Legions Promos,https://scryfall.com/sets/plgn,2003-02-03,2003,2,3,1,promo,1999-2004,2003-2012
Legions,https://scryfall.com/sets/lgn,2003-02-03,2003,2,3,145,expansion,1999-2004,2003-2012
Magic Online Avatars,https://scryfall.com/sets/pmoa,2003-01-01,2003,1,1,85,vanguard,1999-2004,2003-2012
Japan Junior Tournament,https://scryfall.com/sets/pjjt,2003-01-01,2003,1,1,12,promo,1999-2004,2003-2012
Arena League 2003,https://scryfall.com/sets/pal03,2003-01-01,2003,1,1,8,promo,1999-2004,2003-2012
Friday Night Magic 2003,https://scryfall.com/sets/f03,2003-01-01,2003,1,1,13,promo,1999-2004,2003-2012
Vintage Championship,https://scryfall.com/sets/ovnt,2003-01-01,2003,1,1,29,memorabilia,1999-2004,2003-2012
Judge Gift Cards 2003,https://scryfall.com/sets/g03,2003-01-01,2003,1,1,3,promo,1999-2004,2003-2012
Magic Player Rewards 2003,https://scryfall.com/sets/p03,2003-01-01,2003,1,1,7,promo,1999-2004,2003-2012
Onslaught,https://scryfall.com/sets/ons,2002-10-07,2002,10,7,351,expansion,1999-2004,1993-2002
World Championship Decks 2002,https://scryfall.com/sets/wc02,2002-08-14,2002,8,14,153,memorabilia,1999-2004,1993-2002
Hobby Japan Promos,https://scryfall.com/sets/phj,2002-07-01,2002,7,1,5,promo,1999-2004,1993-2002
Magic Online Promos,https://scryfall.com/sets/prm,2002-06-24,2002,6,24,2274,promo,1999-2004,1993-2002
Judgment Promos,https://scryfall.com/sets/pjud,2002-05-27,2002,5,27,1,promo,1999-2004,1993-2002
Judgment,https://scryfall.com/sets/jud,2002-05-27,2002,5,27,143,expansion,1999-2004,1993-2002
Torment Promos,https://scryfall.com/sets/ptor,2002-02-04,2002,2,4,3,promo,1999-2004,1993-2002
Torment,https://scryfall.com/sets/tor,2002-02-04,2002,2,4,143,expansion,1999-2004,1993-2002
Arena League 2002,https://scryfall.com/sets/pal02,2002-01-01,2002,1,1,5,promo,1999-2004,1993-2002
Magic Player Rewards 2002,https://scryfall.com/sets/pr2,2002-01-01,2002,1,1,6,promo,1999-2004,1993-2002
Friday Night Magic 2002,https://scryfall.com/sets/f02,2002-01-01,2002,1,1,12,promo,1999-2004,1993-2002
Judge Gift Cards 2002,https://scryfall.com/sets/g02,2002-01-01,2002,1,1,2,promo,1999-2004,1993-2002
Deckmasters,https://scryfall.com/sets/dkm,2001-12-01,2001,12,1,58,box,1999-2004,1993-2002
Odyssey Promos,https://scryfall.com/sets/pody,2001-10-01,2001,10,1,1,promo,1999-2004,1993-2002
Odyssey,https://scryfall.com/sets/ody,2001-10-01,2001,10,1,352,expansion,1999-2004,1993-2002
World Championship Decks 2001,https://scryfall.com/sets/wc01,2001-08-08,2001,8,8,138,memorabilia,1999-2004,1993-2002
Sega Dreamcast Cards,https://scryfall.com/sets/psdg,2001-06-28,2001,6,28,10,box,1999-2004,1993-2002
Apocalypse Promos,https://scryfall.com/sets/papc,2001-06-04,2001,6,4,1,promo,1999-2004,1993-2002
Apocalypse,https://scryfall.com/sets/apc,2001-06-04,2001,6,4,143,expansion,1999-2004,1993-2002
Seventh Edition,https://scryfall.com/sets/7ed,2001-04-11,2001,4,11,354,core,1999-2004,1993-2002
Planeshift Promos,https://scryfall.com/sets/ppls,2001-02-05,2001,2,5,1,promo,1999-2004,1993-2002
Planeshift,https://scryfall.com/sets/pls,2001-02-05,2001,2,5,146,expansion,1999-2004,1993-2002
Arena League 2001,https://scryfall.com/sets/pal01,2001-01-01,2001,1,1,12,promo,1999-2004,1993-2002
Friday Night Magic 2001,https://scryfall.com/sets/f01,2001-01-01,2001,1,1,7,promo,1999-2004,1993-2002
Judge Gift Cards 2001,https://scryfall.com/sets/g01,2001-01-01,2001,1,1,2,promo,1999-2004,1993-2002
Magic Player Rewards 2001,https://scryfall.com/sets/mpr,2001-01-01,2001,1,1,8,promo,1999-2004,1993-2002
Invasion Promos,https://scryfall.com/sets/pinv,2000-10-02,2000,10,2,1,promo,1999-2004,1993-2002
Invasion,https://scryfall.com/sets/inv,2000-10-02,2000,10,2,350,expansion,1999-2004,1993-2002
Beatdown Box Set,https://scryfall.com/sets/btd,2000-10-01,2000,10,1,90,box,1999-2004,1993-2002
World Championship Decks 2000,https://scryfall.com/sets/wc00,2000-08-02,2000,8,2,117,memorabilia,1999-2004,1993-2002
Prophecy Promos,https://scryfall.com/sets/ppcy,2000-06-05,2000,6,5,1,promo,1999-2004,1993-2002
Prophecy,https://scryfall.com/sets/pcy,2000-06-05,2000,6,5,144,expansion,1999-2004,1993-2002
Starter 2000,https://scryfall.com/sets/s00,2000-04-01,2000,4,1,20,starter,1999-2004,1993-2002
Nemesis Promos,https://scryfall.com/sets/pnem,2000-02-14,2000,2,14,1,promo,1999-2004,1993-2002
Nemesis,https://scryfall.com/sets/nem,2000-02-14,2000,2,14,143,expansion,1999-2004,1993-2002
European Land Program,https://scryfall.com/sets/pelp,2000-02-05,2000,2,5,15,promo,1999-2004,1993-2002
Arena League 2000,https://scryfall.com/sets/pal00,2000-01-01,2000,1,1,11,promo,1999-2004,1993-2002
Judge Gift Cards 2000,https://scryfall.com/sets/g00,2000-01-01,2000,1,1,2,promo,1999-2004,1993-2002
Friday Night Magic 2000,https://scryfall.com/sets/fnm,2000-01-01,2000,1,1,11,promo,1999-2004,1993-2002
Junior Super Series,https://scryfall.com/sets/psus,1999-12-01,1999,12,1,18,promo,1999-2004,1993-2002
Battle Royale Box Set,https://scryfall.com/sets/brb,1999-11-12,1999,11,12,136,box,1999-2004,1993-2002
Mercadian Masques Promos,https://scryfall.com/sets/pmmq,1999-10-04,1999,10,4,1,promo,1999-2004,1993-2002
Mercadian Masques,https://scryfall.com/sets/mmq,1999-10-04,1999,10,4,350,expansion,1999-2004,1993-2002
Wizards of the Coast Online Store,https://scryfall.com/sets/pwos,1999-09-04,1999,9,4,1,promo,1999-2004,1993-2002
World Championship Decks 1999,https://scryfall.com/sets/wc99,1999-08-04,1999,8,4,111,memorabilia,1999-2004,1993-2002
World Championship Promos,https://scryfall.com/sets/pwor,1999-08-04,1999,8,4,2,promo,1999-2004,1993-2002
Guru,https://scryfall.com/sets/pgru,1999-07-12,1999,7,12,5,promo,1999-2004,1993-2002
Portal Three Kingdoms,https://scryfall.com/sets/ptk,1999-07-06,1999,7,6,180,starter,1999-2004,1993-2002
Portal: Three Kingdoms Promos,https://scryfall.com/sets/pptk,1999-07-01,1999,7,1,2,promo,1999-2004,1993-2002
Starter 1999,https://scryfall.com/sets/s99,1999-07-01,1999,7,1,173,starter,1999-2004,1993-2002
Urza's Destiny Promos,https://scryfall.com/sets/puds,1999-06-07,1999,6,7,1,promo,1999-2004,1993-2002
Urza's Destiny,https://scryfall.com/sets/uds,1999-06-07,1999,6,7,143,expansion,1999-2004,1993-2002
Classic Sixth Edition,https://scryfall.com/sets/6ed,1999-04-21,1999,4,21,351,core,1999-2004,1993-2002
Urza's Legacy Promos,https://scryfall.com/sets/pulg,1999-02-15,1999,2,15,2,promo,1999-2004,1993-2002
Urza's Legacy,https://scryfall.com/sets/ulg,1999-02-15,1999,2,15,143,expansion,1999-2004,1993-2002
Arena League 1999,https://scryfall.com/sets/pal99,1999-01-01,1999,1,1,10,promo,1999-2004,1993-2002
Judge Gift Cards 1999,https://scryfall.com/sets/g99,1999-01-01,1999,1,1,1,promo,1999-2004,1993-2002
Anthologies,https://scryfall.com/sets/ath,1998-11-01,1998,11,1,85,box,1993-1998,1993-2002
Urza's Saga Promos,https://scryfall.com/sets/pusg,1998-10-12,1998,10,12,1,promo,1993-1998,1993-2002
Urza's Saga,https://scryfall.com/sets/usg,1998-10-12,1998,10,12,356,expansion,1993-1998,1993-2002
Asia Pacific Land Program,https://scryfall.com/sets/palp,1998-09-01,1998,9,1,15,promo,1993-1998,1993-2002
World Championship Decks 1998,https://scryfall.com/sets/wc98,1998-08-12,1998,8,12,117,memorabilia,1993-1998,1993-2002
Unglued Tokens,https://scryfall.com/sets/tugl,1998-08-11,1998,8,11,6,token,1993-1998,1993-2002
Unglued,https://scryfall.com/sets/ugl,1998-08-11,1998,8,11,88,funny,1993-1998,1993-2002
Portal Second Age,https://scryfall.com/sets/p02,1998-06-24,1998,6,24,165,starter,1993-1998,1993-2002
Exodus Promos,https://scryfall.com/sets/pexo,1998-06-15,1998,6,15,1,promo,1993-1998,1993-2002
Exodus,https://scryfall.com/sets/exo,1998-06-15,1998,6,15,143,expansion,1993-1998,1993-2002
Stronghold Promos,https://scryfall.com/sets/psth,1998-03-02,1998,3,2,1,promo,1993-1998,1993-2002
Stronghold,https://scryfall.com/sets/sth,1998-03-02,1998,3,2,143,expansion,1993-1998,1993-2002
Judge Gift Cards 1998,https://scryfall.com/sets/jgp,1998-01-01,1998,1,1,3,promo,1993-1998,1993-2002
Tempest Promos,https://scryfall.com/sets/ptmp,1997-10-14,1997,10,14,1,promo,1993-1998,1993-2002
Tempest,https://scryfall.com/sets/tmp,1997-10-14,1997,10,14,350,expansion,1993-1998,1993-2002
World Championship Decks 1997,https://scryfall.com/sets/wc97,1997-08-13,1997,8,13,131,memorabilia,1993-1998,1993-2002
Weatherlight,https://scryfall.com/sets/wth,1997-06-09,1997,6,9,167,expansion,1993-1998,1993-2002
Portal,https://scryfall.com/sets/por,1997-05-01,1997,5,1,256,starter,1993-1998,1993-2002
Vanguard Series,https://scryfall.com/sets/pvan,1997-05-01,1997,5,1,32,vanguard,1993-1998,1993-2002
MicroProse Promos,https://scryfall.com/sets/pmic,1997-04-01,1997,4,1,1,memorabilia,1993-1998,1993-2002
Astral Cards,https://scryfall.com/sets/past,1997-04-01,1997,4,1,12,box,1993-1998,1993-2002
Fifth Edition,https://scryfall.com/sets/5ed,1997-03-24,1997,3,24,460,core,1993-1998,1993-2002
Visions,https://scryfall.com/sets/vis,1997-02-03,1997,2,3,167,expansion,1993-1998,1993-2002
Introductory Two-Player Set,https://scryfall.com/sets/itp,1996-12-31,1996,12,31,67,starter,1993-1998,1993-2002
Multiverse Gift Box,https://scryfall.com/sets/mgb,1996-11-01,1996,11,1,10,box,1993-1998,1993-2002
Mirage,https://scryfall.com/sets/mir,1996-10-08,1996,10,8,351,expansion,1993-1998,1993-2002
Redemption Program,https://scryfall.com/sets/pred,1996-10-01,1996,10,1,1,promo,1993-1998,1993-2002
Celebration Cards,https://scryfall.com/sets/pcel,1996-08-14,1996,8,14,7,memorabilia,1993-1998,1993-2002
Arena League 1996,https://scryfall.com/sets/parl,1996-08-02,1996,8,2,7,promo,1993-1998,1993-2002
Rivals Quick Start Set,https://scryfall.com/sets/rqs,1996-07-01,1996,7,1,65,box,1993-1998,1993-2002
Alliances,https://scryfall.com/sets/all,1996-06-10,1996,6,10,199,expansion,1993-1998,1993-2002
Pro Tour Collector Set,https://scryfall.com/sets/ptc,1996-05-01,1996,5,1,308,memorabilia,1993-1998,1993-2002
Homelands,https://scryfall.com/sets/hml,1995-10-01,1995,10,1,140,expansion,1993-1998,1993-2002
Renaissance,https://scryfall.com/sets/ren,1995-08-01,1995,8,1,122,masters,1993-1998,1993-2002
Rinascimento,https://scryfall.com/sets/rin,1995-08-01,1995,8,1,69,masters,1993-1998,1993-2002
Chronicles,https://scryfall.com/sets/chr,1995-07-01,1995,7,1,125,masters,1993-1998,1993-2002
Ice Age,https://scryfall.com/sets/ice,1995-06-03,1995,6,3,383,expansion,1993-1998,1993-2002
Fourth Edition Foreign Black Border,https://scryfall.com/sets/4bb,1995-04-01,1995,4,1,378,core,1993-1998,1993-2002
Fourth Edition,https://scryfall.com/sets/4ed,1995-04-01,1995,4,1,379,core,1993-1998,1993-2002
DCI Legend Membership,https://scryfall.com/sets/plgm,1995-01-01,1995,1,1,2,promo,1993-1998,1993-2002
Media Inserts,https://scryfall.com/sets/pmei,1995-01-01,1995,1,1,42,promo,1993-1998,1993-2002
Fallen Empires,https://scryfall.com/sets/fem,1994-11-01,1994,11,1,187,expansion,1993-1998,1993-2002
HarperPrism Book Promos,https://scryfall.com/sets/phpr,1994-09-01,1994,9,1,5,promo,1993-1998,1993-2002
The Dark,https://scryfall.com/sets/drk,1994-08-01,1994,8,1,122,expansion,1993-1998,1993-2002
Dragon Con,https://scryfall.com/sets/pdrc,1994-07-15,1994,7,15,1,promo,1993-1998,1993-2002
Summer Magic / Edgar,https://scryfall.com/sets/sum,1994-06-21,1994,6,21,306,core,1993-1998,1993-2002
Legends,https://scryfall.com/sets/leg,1994-06-01,1994,6,1,310,expansion,1993-1998,1993-2002
Foreign Black Border,https://scryfall.com/sets/fbb,1994-04-01,1994,4,1,307,core,1993-1998,1993-2002
Revised Edition,https://scryfall.com/sets/3ed,1994-04-01,1994,4,1,306,core,1993-1998,1993-2002
Antiquities,https://scryfall.com/sets/atq,1994-03-04,1994,3,4,102,expansion,1993-1998,1993-2002
Arabian Nights,https://scryfall.com/sets/arn,1993-12-17,1993,12,17,92,expansion,1993-1998,1993-2002
Intl. Collectors Edition,https://scryfall.com/sets/cei,1993-12-10,1993,12,10,302,memorabilia,1993-1998,1993-2002
Collectors Edition,https://scryfall.com/sets/ced,1993-12-10,1993,12,10,302,memorabilia,1993-1998,1993-2002
Unlimited Edition,https://scryfall.com/sets/2ed,1993-12-01,1993,12,1,302,core,1993-1998,1993-2002
Limited Edition Beta,https://scryfall.com/sets/leb,1993-10-04,1993,10,4,302,core,1993-1998,1993-2002
Limited Edition Alpha,https://scryfall.com/sets/lea,1993-08-05,1993,8,5,295,core,1993-1998,1993-2002
